id,pokemon_id,evo_to,evo_when,evo_from,created_at,updated_at
1,808,melmetal,400 candies in Pokemon Go,,2020-11-05 21:27:18.256333,2020-11-05 21:27:18.256333
2,809,,,meltan,2020-11-05 21:27:18.297825,2020-11-05 21:27:18.297825
3,1,ivysaur,level 16,,2020-11-05 21:29:21.452799,2020-11-05 21:29:21.452799
6,4,charmeleon,level 16 16,,2020-11-05 21:29:23.028882,2020-11-05 21:29:23.028882
10,7,wartortle,level 16,,2020-11-05 21:29:24.734066,2020-11-05 21:29:24.734066
13,10,metapod,level 7,,2020-11-05 21:29:26.304701,2020-11-05 21:29:26.304701
15,13,kakuna,level 7,,2020-11-05 21:29:27.707809,2020-11-05 21:29:27.707809
18,16,pidgeotto,level 18,,2020-11-05 21:29:29.119385,2020-11-05 21:29:29.119385
21,19,raticate,level okedex-sm,,2020-11-05 21:29:30.705492,2020-11-05 21:29:30.705492
22,21,fearow,level 20,,2020-11-05 21:29:31.709878,2020-11-05 21:29:31.709878
23,23,arbok,level 22,,2020-11-05 21:29:32.597436,2020-11-05 21:29:32.597436
24,172,pikachu,level up with happiness value at 220 okedex-sm,,2020-11-05 21:29:33.605669,2020-11-05 21:29:33.605669
27,27,sandslash,level okedex-sm,,2020-11-05 21:29:34.714513,2020-11-05 21:29:34.714513
28,29,nidorina,level 16 16,,2020-11-05 21:29:35.626162,2020-11-05 21:29:35.626162
30,32,nidorino,level 16 16,,2020-11-05 21:29:35.742809,2020-11-05 21:29:35.742809
32,173,clefairy,level up with happiness value at 220 appiness,,2020-11-05 21:29:38.767173,2020-11-05 21:29:38.767173
34,37,ninetales,use fire stone,,2020-11-05 21:29:39.923329,2020-11-05 21:29:39.923329
35,174,jigglypuff,level up with happiness value at 220 appiness,,2020-11-05 21:29:40.984727,2020-11-05 21:29:40.984727
37,41,golbat,level 22,,2020-11-05 21:29:42.010405,2020-11-05 21:29:42.010405
39,43,gloom,level 21,,2020-11-05 21:29:42.970031,2020-11-05 21:29:42.970031
42,46,parasect,level 24,,2020-11-05 21:29:44.438104,2020-11-05 21:29:44.438104
43,48,venomoth,level 31,,2020-11-05 21:29:45.254688,2020-11-05 21:29:45.254688
44,50,dugtrio,level okedex-sm,,2020-11-05 21:29:46.221428,2020-11-05 21:29:46.221428
45,52,persian,level okedex-sm,,2020-11-05 21:29:47.203992,2020-11-05 21:29:47.203992
46,54,golduck,level 33,,2020-11-05 21:29:48.278583,2020-11-05 21:29:48.278583
47,56,primeape,level 28,,2020-11-05 21:29:49.312231,2020-11-05 21:29:49.312231
48,58,arcanine,use fire stone,,2020-11-05 21:29:50.289965,2020-11-05 21:29:50.289965
49,60,poliwhirl,level 25,,2020-11-05 21:29:51.172263,2020-11-05 21:29:51.172263
52,63,kadabra,level 16,,2020-11-05 21:29:52.612164,2020-11-05 21:29:52.612164
55,66,machoke,level 28,,2020-11-05 21:29:54.05647,2020-11-05 21:29:54.05647
57,69,weepinbell,level 21,,2020-11-05 21:29:55.518783,2020-11-05 21:29:55.518783
59,72,tentacruel,level 30,,2020-11-05 21:29:57.037967,2020-11-05 21:29:57.037967
60,74,graveler,level okedex-sm,,2020-11-05 21:29:58.010186,2020-11-05 21:29:58.010186
62,77,rapidash,level 40,,2020-11-05 21:29:59.556133,2020-11-05 21:29:59.556133
63,79,slowbro,level 37,,2020-11-05 21:30:00.562838,2020-11-05 21:30:00.562838
65,79,slowking,trade with  king's rock,,2020-11-05 21:30:00.650159,2020-11-05 21:30:00.650159
66,81,magneton,level 30,,2020-11-05 21:30:01.61027,2020-11-05 21:30:01.61027
68,84,dodrio,level 31,,2020-11-05 21:30:02.983676,2020-11-05 21:30:02.983676
69,86,dewgong,level 34,,2020-11-05 21:30:03.89613,2020-11-05 21:30:03.89613
70,88,muk,level okedex-sm,,2020-11-05 21:30:04.863353,2020-11-05 21:30:04.863353
71,90,cloyster,use water stone,,2020-11-05 21:30:05.808793,2020-11-05 21:30:05.808793
72,92,haunter,level 25,,2020-11-05 21:30:06.806004,2020-11-05 21:30:06.806004
75,95,steelix,trade with  metal coat,,2020-11-05 21:30:08.318775,2020-11-05 21:30:08.318775
77,96,hypno,level 26,,2020-11-05 21:30:08.896484,2020-11-05 21:30:08.896484
78,98,kingler,level 28,,2020-11-05 21:30:09.915184,2020-11-05 21:30:09.915184
79,100,electrode,level 30,,2020-11-05 21:30:58.842719,2020-11-05 21:30:58.842719
80,102,exeggutor,not possible in sun & moon,,2020-11-05 21:30:59.774372,2020-11-05 21:30:59.774372
81,102,alolan_exeggutor,use leaf stone,,2020-11-05 21:30:59.82564,2020-11-05 21:30:59.82564
82,104,marowak,level okedex-sm,,2020-11-05 21:31:00.720287,2020-11-05 21:31:00.720287
83,104,alolan_marowak,level 28 at night unmoon,,2020-11-05 21:31:00.768058,2020-11-05 21:31:00.768058
84,236,hitmonchan,Attack < Defence at Level 20,,2020-11-05 21:31:01.772269,2020-11-05 21:31:01.772269
85,236,hitmonlee,Attack > Defence at Level 20,,2020-11-05 21:31:01.860461,2020-11-05 21:31:01.860461
86,236,hitmontop,Attack = Defence at Level 20,,2020-11-05 21:31:01.906932,2020-11-05 21:31:01.906932
87,108,lickilicky,level up while knowing  rollout evelrollout,,2020-11-05 21:31:02.902518,2020-11-05 21:31:02.902518
88,109,weezing,level 35,,2020-11-05 21:31:03.37271,2020-11-05 21:31:03.37271
89,111,rhydon,level 42,,2020-11-05 21:31:04.31611,2020-11-05 21:31:04.31611
91,440,chansey,level up during day while holding oval stone eveldayovalstone,,2020-11-05 21:31:05.388096,2020-11-05 21:31:05.388096
5,3,mega_venusaur,mega evolution,ivysaur,2020-11-05 21:29:21.56499,2020-11-05 21:44:55.374537
7,5,charizard,level 36 36,charmander,2020-11-05 21:29:23.079305,2020-11-05 21:44:55.426998
8,6,mega_charizard_x,charizardnite x,charmeleon,2020-11-05 21:29:23.127522,2020-11-05 21:44:55.499311
11,8,blastoise,level 36,squirtle,2020-11-05 21:29:24.827505,2020-11-05 21:44:55.562416
12,9,mega_blastoise,mega evolution,wartortle,2020-11-05 21:29:24.891285,2020-11-05 21:44:55.609085
14,11,butterfree,level 10,caterpie,2020-11-05 21:29:26.352884,2020-11-05 21:44:55.659722
16,14,beedrill,level 10,weedle,2020-11-05 21:29:27.743676,2020-11-05 21:44:55.790756
17,15,mega_beedrill,mega evolution,kakuna,2020-11-05 21:29:27.790371,2020-11-05 21:44:55.830319
19,17,pidgeot,level 36,pidgey,2020-11-05 21:29:29.21828,2020-11-05 21:44:55.879829
20,18,mega_pidgeot,mega evolution,pidgeotto,2020-11-05 21:29:29.282156,2020-11-05 21:44:55.924229
31,33,nidoking,use moonstone,nidoran_m,2020-11-05 21:29:35.855414,2020-11-05 21:44:56.529978
38,42,crobat,level up with happiness value at 220 appiness,zubat,2020-11-05 21:29:42.055568,2020-11-05 21:44:56.92623
41,44,bellossom,use sun stone,oddish,2020-11-05 21:29:43.072567,2020-11-05 21:44:57.09095
40,44,vileplume,use leaf stone,oddish,2020-11-05 21:29:43.024018,2020-11-05 21:44:57.135301
51,61,politoed,trade with  king's rock,poliwag,2020-11-05 21:29:51.273388,2020-11-05 21:44:58.089214
50,61,poliwrath,use water stone,poliwag,2020-11-05 21:29:51.227263,2020-11-05 21:44:58.126652
53,64,alakazam,trade,abra,2020-11-05 21:29:52.660976,2020-11-05 21:44:58.363565
56,67,machamp,trade,machop,2020-11-05 21:29:54.105838,2020-11-05 21:44:58.509986
58,70,victreebel,use leaf stone,bellsprout,2020-11-05 21:29:55.591734,2020-11-05 21:44:58.954198
61,75,golem,trade,geodude,2020-11-05 21:29:58.090867,2020-11-05 21:44:59.155883
64,80,mega_slowbro,mega evolution,slowpoke,2020-11-05 21:30:00.604359,2020-11-05 21:44:59.375713
73,93,gengar,trade,gastly,2020-11-05 21:30:06.86422,2020-11-05 21:44:59.83035
74,94,mega_gengar,mega evolution,haunter,2020-11-05 21:30:06.910605,2020-11-05 21:44:59.886353
76,208,mega_steelix,mega evolution,onix,2020-11-05 21:30:08.374353,2020-11-05 21:44:59.994302
90,112,rhyperior,trade with  protector,rhyhorn,2020-11-05 21:31:04.371755,2020-11-05 21:45:00.597747
26,25,alolan_raichu,use thunder stone,pichu,2020-11-05 21:29:33.712972,2020-11-05 21:45:03.259542
25,25,raichu,(not possible in sun & moon),pichu,2020-11-05 21:29:33.663778,2020-11-05 21:45:03.296771
33,35,clefable,use moon stone,cleffa,2020-11-05 21:29:38.891015,2020-11-05 21:45:03.360476
36,39,wigglytuff,use moon stone,igglybuff,2020-11-05 21:29:41.091859,2020-11-05 21:45:03.406195
93,114,tangrowth,level up while knowing  ancient power evelancientpower,,2020-11-05 21:31:05.922055,2020-11-05 21:31:05.922055
94,115,mega_kangaskhan,mega evolution,,2020-11-05 21:31:06.466887,2020-11-05 21:31:06.466887
95,116,seadra,level 32,,2020-11-05 21:31:06.995742,2020-11-05 21:31:06.995742
97,118,seaking,level 33,,2020-11-05 21:31:07.971864,2020-11-05 21:31:07.971864
98,120,starmie,use water stone,,2020-11-05 21:31:08.877981,2020-11-05 21:31:08.877981
99,123,scizor,trade with  metal coat,,2020-11-05 21:31:10.201508,2020-11-05 21:31:10.201508
101,238,jynx,level 30,,2020-11-05 21:31:10.755098,2020-11-05 21:31:10.755098
102,239,electabuzz,level 30,,2020-11-05 21:31:11.204404,2020-11-05 21:31:11.204404
104,240,magmar,level 30,,2020-11-05 21:31:11.71781,2020-11-05 21:31:11.71781
106,127,mega_pinsir,mega evolution,,2020-11-05 21:31:12.313247,2020-11-05 21:31:12.313247
107,129,gyarados,level 20,,2020-11-05 21:31:13.198302,2020-11-05 21:31:13.198302
109,133,leafeon,Level up while at Moss Rock in Lush Jungle,,2020-11-05 21:31:15.086294,2020-11-05 21:31:15.086294
110,133,glaceon,Level up while at Ice Rock in Mount Lanakila,,2020-11-05 21:31:15.146994,2020-11-05 21:31:15.146994
111,133,jolteon,Use Thunderstone,,2020-11-05 21:31:15.216767,2020-11-05 21:31:15.216767
112,133,vaporeon,Use Water Stone,,2020-11-05 21:31:15.333586,2020-11-05 21:31:15.333586
113,133,flareon,Use Fire Stone,,2020-11-05 21:31:15.373052,2020-11-05 21:31:15.373052
114,133,espeon,Level Up with Happiness Value at 220 During the Day,,2020-11-05 21:31:15.421469,2020-11-05 21:31:15.421469
115,133,umbreon,Level Up with Happiness Value at 220 During the Night,,2020-11-05 21:31:15.465596,2020-11-05 21:31:15.465596
116,133,sylveon,Level Up with Bond of 2 Hearts in Pokémon Refresh,,2020-11-05 21:31:15.516124,2020-11-05 21:31:15.516124
117,137,porygon2,trade with  up-grade,,2020-11-05 21:31:17.54288,2020-11-05 21:31:17.54288
119,138,omastar,level 40,,2020-11-05 21:31:18.079761,2020-11-05 21:31:18.079761
120,140,kabutops,level 40,,2020-11-05 21:31:19.035979,2020-11-05 21:31:19.035979
121,142,mega_aerodactyl,mega evolution,,2020-11-05 21:31:20.015653,2020-11-05 21:31:20.015653
122,446,snorlax,level up with happiness value at 220 appiness,,2020-11-05 21:31:20.587352,2020-11-05 21:31:20.587352
123,147,dragonair,level 30,,2020-11-05 21:31:22.283056,2020-11-05 21:31:22.283056
125,150,mega_mewtwo_x,mewtwonite x,,2020-11-05 21:31:23.813793,2020-11-05 21:31:23.813793
126,150,mega_mewtwo_y,mewtwonite y,,2020-11-05 21:31:23.882661,2020-11-05 21:31:23.882661
127,152,bayleef,level 16,,2020-11-05 21:31:24.848096,2020-11-05 21:31:24.848096
129,155,quilava,level 14,,2020-11-05 21:31:26.199417,2020-11-05 21:31:26.199417
131,158,croconaw,level 18,,2020-11-05 21:31:27.586713,2020-11-05 21:31:27.586713
133,161,furret,level 15,,2020-11-05 21:31:29.039158,2020-11-05 21:31:29.039158
134,163,noctowl,level 20,,2020-11-05 21:31:29.924324,2020-11-05 21:31:29.924324
135,165,ledian,level 18,,2020-11-05 21:31:31.037641,2020-11-05 21:31:31.037641
136,167,ariados,level 22,,2020-11-05 21:31:31.962348,2020-11-05 21:31:31.962348
137,170,lanturn,level 27,,2020-11-05 21:31:33.232983,2020-11-05 21:31:33.232983
138,175,togetic,level up with happiness value at 220 appiness,,2020-11-05 21:31:35.37197,2020-11-05 21:31:35.37197
140,177,xatu,level 25,,2020-11-05 21:31:36.368869,2020-11-05 21:31:36.368869
141,179,flaaffy,level 15,,2020-11-05 21:31:37.221398,2020-11-05 21:31:37.221398
144,298,marill,level up with happiness value at 220 appiness,,2020-11-05 21:31:39.045005,2020-11-05 21:31:39.045005
146,438,sudowoodo,level up while knowing  mimic evelmimic,,2020-11-05 21:31:39.9809,2020-11-05 21:31:39.9809
147,187,skiploom,level 18,,2020-11-05 21:31:41.018162,2020-11-05 21:31:41.018162
149,190,ambipom,level up while knowing  double hit eveldoublehit,,2020-11-05 21:31:42.391215,2020-11-05 21:31:42.391215
150,191,sunflora,use sun stone,,2020-11-05 21:31:42.834398,2020-11-05 21:31:42.834398
151,193,yanmega,level up while knowing  ancient power evelancientpower,,2020-11-05 21:31:43.760819,2020-11-05 21:31:43.760819
152,194,quagsire,level 20,,2020-11-05 21:31:44.236901,2020-11-05 21:31:44.236901
153,198,honchkrow,use dusk stone,,2020-11-05 21:31:46.116567,2020-11-05 21:31:46.116567
154,200,mismagius,use dusk stone,,2020-11-05 21:32:34.987553,2020-11-05 21:32:34.987553
155,360,wobbuffet,level 15,,2020-11-05 21:32:35.84977,2020-11-05 21:32:35.84977
156,204,forretress,level 31,,2020-11-05 21:32:36.677086,2020-11-05 21:32:36.677086
157,207,gliscor,level up during the night while holding  razor fang evelnightrazorfang,,2020-11-05 21:32:37.868291,2020-11-05 21:32:37.868291
158,209,granbull,level 23,,2020-11-05 21:32:38.767277,2020-11-05 21:32:38.767277
159,214,mega_heracross,mega evolution,,2020-11-05 21:32:40.94918,2020-11-05 21:32:40.94918
160,215,weavile,level up during the night while holding  razor claw evelnightrazorclaw,,2020-11-05 21:32:41.429471,2020-11-05 21:32:41.429471
161,216,ursaring,level 30,,2020-11-05 21:32:41.891442,2020-11-05 21:32:41.891442
162,218,magcargo,level 38,,2020-11-05 21:32:42.816117,2020-11-05 21:32:42.816117
163,220,piloswine,level 33,,2020-11-05 21:32:43.726462,2020-11-05 21:32:43.726462
165,223,octillery,level 25,,2020-11-05 21:32:45.169772,2020-11-05 21:32:45.169772
166,458,mantine,level up with remoraid in the party evelremoraid223,,2020-11-05 21:32:46.440345,2020-11-05 21:32:46.440345
167,228,houndoom,level 24,,2020-11-05 21:32:47.292662,2020-11-05 21:32:47.292662
169,231,donphan,level 25,,2020-11-05 21:32:48.677239,2020-11-05 21:32:48.677239
170,246,pupitar,level 30,,2020-11-05 21:32:54.784213,2020-11-05 21:32:54.784213
173,252,grovyle,level 16,,2020-11-05 21:32:57.407275,2020-11-05 21:32:57.407275
176,255,combusken,level 16,,2020-11-05 21:32:58.836014,2020-11-05 21:32:58.836014
100,212,mega_scizor,mega evolution,scyther,2020-11-05 21:31:10.260892,2020-11-05 21:45:01.095911
118,233,porygon_z,trade with  dubious disc,porygon,2020-11-05 21:31:17.627807,2020-11-05 21:45:01.902203
124,148,dragonite,level 55,dratini,2020-11-05 21:31:22.392372,2020-11-05 21:45:02.110147
128,153,meganium,level 32,chikorita,2020-11-05 21:31:24.88929,2020-11-05 21:45:02.338115
130,156,typhlosion,level 36,cyndaquil,2020-11-05 21:31:26.249406,2020-11-05 21:45:02.48694
132,159,feraligatr,level 30,totodile,2020-11-05 21:31:27.704815,2020-11-05 21:45:02.636125
139,176,togekiss,use shiny stone,togepi,2020-11-05 21:31:35.453331,2020-11-05 21:45:03.455171
142,180,ampharos,level 30,mareep,2020-11-05 21:31:37.284963,2020-11-05 21:45:03.700412
143,181,mega_ampharos,mega evolution,flaaffy,2020-11-05 21:31:37.331585,2020-11-05 21:45:03.75987
148,188,jumpluff,level 27,hoppip,2020-11-05 21:31:41.074955,2020-11-05 21:45:03.941253
168,229,mega_houndoom,mega evolution,houndour,2020-11-05 21:32:47.371544,2020-11-05 21:45:05.315567
103,125,electivire,trade with  electirizer,elekid,2020-11-05 21:31:11.267399,2020-11-05 21:45:05.898369
105,126,magmortar,trade with  magmarizer,magby,2020-11-05 21:31:11.78369,2020-11-05 21:45:05.950687
171,247,tyranitar,level 55,larvitar,2020-11-05 21:32:54.830539,2020-11-05 21:45:06.067691
172,248,mega_tyranitar,mega evolution,pupitar,2020-11-05 21:32:54.876837,2020-11-05 21:45:06.133444
174,253,sceptile,level 36,treecko,2020-11-05 21:32:57.457676,2020-11-05 21:45:06.224596
175,254,mega_sceptile,mega evolution,grovyle,2020-11-05 21:32:57.50416,2020-11-05 21:45:06.284872
177,256,blaziken,level 36,torchic,2020-11-05 21:32:58.928207,2020-11-05 21:45:06.346005
178,257,mega_blaziken,mega evolution,combusken,2020-11-05 21:32:58.981813,2020-11-05 21:45:06.384901
145,183,azumarill,level 18,azurill,2020-11-05 21:31:39.116337,2020-11-05 21:45:08.088515
179,258,marshtomp,level 16,,2020-11-05 21:33:00.291312,2020-11-05 21:33:00.291312
182,261,mightyena,level 18,,2020-11-05 21:33:01.754937,2020-11-05 21:33:01.754937
183,263,linoone,level 20,,2020-11-05 21:33:02.675171,2020-11-05 21:33:02.675171
184,265,silcoon,personality < 5 at level 5level7,,2020-11-05 21:33:03.560056,2020-11-05 21:33:03.560056
186,265,cascoon,personality > 4 at level unmoon,,2020-11-05 21:33:03.746923,2020-11-05 21:33:03.746923
188,265,dustox,level unmoon,,2020-11-05 21:33:04.280221,2020-11-05 21:33:04.280221
189,270,lombre,level 14,,2020-11-05 21:33:06.038704,2020-11-05 21:33:06.038704
191,273,nuzleaf,level 14,,2020-11-05 21:33:07.472718,2020-11-05 21:33:07.472718
193,276,swellow,level 22,,2020-11-05 21:33:08.894961,2020-11-05 21:33:08.894961
194,278,pelipper,level 25,,2020-11-05 21:33:09.770123,2020-11-05 21:33:09.770123
195,280,kirlia,level 20,,2020-11-05 21:33:10.683096,2020-11-05 21:33:10.683096
200,283,masquerain,level 22,,2020-11-05 21:33:12.155186,2020-11-05 21:33:12.155186
201,285,breloom,level 23,,2020-11-05 21:33:13.069209,2020-11-05 21:33:13.069209
202,287,vigoroth,level 18,,2020-11-05 21:33:13.961894,2020-11-05 21:33:13.961894
204,290,ninjask,level 20,,2020-11-05 21:33:15.393366,2020-11-05 21:33:15.393366
205,290,shedinja,empty slot in partylevel unmoon,,2020-11-05 21:33:15.4474,2020-11-05 21:33:15.4474
206,293,loudred,level 20,,2020-11-05 21:33:16.744537,2020-11-05 21:33:16.744537
208,296,hariyama,level 24,,2020-11-05 21:33:18.121536,2020-11-05 21:33:18.121536
209,299,probopass,level up while at blush mountain/vast poni canyon evelcoronet,,2020-11-05 21:33:19.413837,2020-11-05 21:33:19.413837
210,300,delcatty,use moon stone,,2020-11-05 21:34:07.847174,2020-11-05 21:34:07.847174
211,302,mega_sableye,mega evolution,,2020-11-05 21:34:08.737586,2020-11-05 21:34:08.737586
212,303,mega_mawile,mega evolution,,2020-11-05 21:34:09.201617,2020-11-05 21:34:09.201617
213,304,lairon,level 32,,2020-11-05 21:34:09.647603,2020-11-05 21:34:09.647603
216,307,medicham,level 37,,2020-11-05 21:34:11.031711,2020-11-05 21:34:11.031711
218,309,manectric,level 26,,2020-11-05 21:34:11.950632,2020-11-05 21:34:11.950632
220,406,roselia,level up with happiness value at 220 during the day appinessday,,2020-11-05 21:34:14.533948,2020-11-05 21:34:14.533948
222,316,swalot,level 26,,2020-11-05 21:34:15.080842,2020-11-05 21:34:15.080842
223,318,sharpedo,level 30,,2020-11-05 21:34:15.954815,2020-11-05 21:34:15.954815
225,320,wailord,level 40,,2020-11-05 21:34:16.950534,2020-11-05 21:34:16.950534
226,322,camerupt,level 33,,2020-11-05 21:34:17.795479,2020-11-05 21:34:17.795479
228,325,grumpig,level 32,,2020-11-05 21:34:19.17236,2020-11-05 21:34:19.17236
229,328,vibrava,level 35,,2020-11-05 21:34:20.396924,2020-11-05 21:34:20.396924
231,331,cacturne,level 32,,2020-11-05 21:34:21.717466,2020-11-05 21:34:21.717466
232,333,altaria,level 35,,2020-11-05 21:34:22.662206,2020-11-05 21:34:22.662206
234,339,whiscash,level 30,,2020-11-05 21:34:25.240519,2020-11-05 21:34:25.240519
235,341,crawdaunt,level 30,,2020-11-05 21:34:26.14241,2020-11-05 21:34:26.14241
236,343,claydol,level 36,,2020-11-05 21:34:27.019451,2020-11-05 21:34:27.019451
237,345,cradily,level 40,,2020-11-05 21:34:27.882765,2020-11-05 21:34:27.882765
238,347,armaldo,level 40,,2020-11-05 21:34:28.788711,2020-11-05 21:34:28.788711
239,349,milotic,level up (maximum beauty),,2020-11-05 21:34:29.661709,2020-11-05 21:34:29.661709
240,349,milotic,trade with prism scale,,2020-11-05 21:34:29.702926,2020-11-05 21:34:29.702926
241,353,banette,level 37,,2020-11-05 21:34:31.411791,2020-11-05 21:34:31.411791
243,355,dusclops,level 37,,2020-11-05 21:34:32.336869,2020-11-05 21:34:32.336869
245,433,chimecho,level up with happiness value at 220 during the night appinessnight,,2020-11-05 21:34:33.608013,2020-11-05 21:34:33.608013
246,359,mega_absol,mega evolution,,2020-11-05 21:34:34.17113,2020-11-05 21:34:34.17113
247,361,glalie,level 42,,2020-11-05 21:34:35.016861,2020-11-05 21:34:35.016861
249,361,froslass,"on female pokémon, use dawn stone",,2020-11-05 21:34:35.163712,2020-11-05 21:34:35.163712
250,363,sealeo,level 32,,2020-11-05 21:34:36.182691,2020-11-05 21:34:36.182691
252,366,huntail,trade with  deep sea tooth,,2020-11-05 21:34:37.576269,2020-11-05 21:34:37.576269
253,366,gorebyss,trade with  deep sea scale,,2020-11-05 21:34:37.735424,2020-11-05 21:34:37.735424
254,371,shelgon,level 30,,2020-11-05 21:34:39.789525,2020-11-05 21:34:39.789525
257,374,metang,level 20,,2020-11-05 21:34:41.262403,2020-11-05 21:34:41.262403
260,380,mega_latias,mega evolution,,2020-11-05 21:34:43.915885,2020-11-05 21:34:43.915885
261,381,mega_latios,mega evolution,,2020-11-05 21:34:44.381436,2020-11-05 21:34:44.381436
262,382,kyogre_primal,mega evolution,,2020-11-05 21:34:44.84855,2020-11-05 21:34:44.84855
263,383,groudon_primal,mega evolution,,2020-11-05 21:34:45.360945,2020-11-05 21:34:45.360945
264,384,mega_rayquaza,mega evolution,,2020-11-05 21:34:45.844489,2020-11-05 21:34:45.844489
265,387,grotle,level 18,,2020-11-05 21:34:47.162848,2020-11-05 21:34:47.162848
267,390,monferno,level 14,,2020-11-05 21:34:48.521688,2020-11-05 21:34:48.521688
269,393,prinplup,level 16,,2020-11-05 21:34:49.905962,2020-11-05 21:34:49.905962
187,268,dustox,level 10,wurmple,2020-11-05 21:33:03.794518,2020-11-05 21:45:06.709796
185,266,beautifly,level 10,wurmple,2020-11-05 21:33:03.68917,2020-11-05 21:45:06.760908
190,271,ludicolo,use water stone,lotad,2020-11-05 21:33:06.193034,2020-11-05 21:45:06.905803
192,274,shiftry,use leaf stone,seedot,2020-11-05 21:33:07.559641,2020-11-05 21:45:07.015755
198,281,gallade,"on male pokémon, use dawn stone",ralts,2020-11-05 21:33:10.820497,2020-11-05 21:45:07.255471
196,281,gardevoir,level 30,ralts,2020-11-05 21:33:10.726489,2020-11-05 21:45:07.296189
199,475,gallade,mega evolution,kirlia,2020-11-05 21:33:10.866585,2020-11-05 21:45:07.38609
197,282,mega_gardevoir,mega evolution,kirlia,2020-11-05 21:33:10.774126,2020-11-05 21:45:07.42702
203,288,slaking,level 36,slakoth,2020-11-05 21:33:14.038177,2020-11-05 21:45:07.616203
207,294,exploud,level 40,whismur,2020-11-05 21:33:16.792386,2020-11-05 21:45:07.854694
215,306,mega_aggron,mega evolution,lairon,2020-11-05 21:34:09.739803,2020-11-05 21:45:08.35312
217,308,mega_medicham,mega evolution,meditite,2020-11-05 21:34:11.093542,2020-11-05 21:45:08.427385
219,310,mega_manectric,mega evolution,electrike,2020-11-05 21:34:12.008623,2020-11-05 21:45:08.508638
224,319,mega_sharpedo,mega evolution,carvanha,2020-11-05 21:34:16.040699,2020-11-05 21:45:08.791327
227,323,mega_camerupt,mega evolution,numel,2020-11-05 21:34:17.847279,2020-11-05 21:45:08.920162
230,329,flygon,level 45,trapinch,2020-11-05 21:34:20.447678,2020-11-05 21:45:09.055399
242,354,mega_banette,mega evolution,shuppet,2020-11-05 21:34:31.471187,2020-11-05 21:45:09.663599
244,356,dusknoir,trade with  reaper cloth,duskull,2020-11-05 21:34:32.385881,2020-11-05 21:45:09.722733
248,362,mega_glalie,mega evolution,snorunt,2020-11-05 21:34:35.095936,2020-11-05 21:45:09.96422
251,364,walrein,level 44,spheal,2020-11-05 21:34:36.265211,2020-11-05 21:45:10.033952
255,372,salamence,level 50,bagon,2020-11-05 21:34:39.897337,2020-11-05 21:45:10.269842
256,373,mega_salamence,mega evolution,shelgon,2020-11-05 21:34:39.940611,2020-11-05 21:45:10.315072
258,375,metagross,level 45,beldum,2020-11-05 21:34:41.326369,2020-11-05 21:45:10.37931
266,388,torterra,level 32,turtwig,2020-11-05 21:34:47.214256,2020-11-05 21:45:10.581687
268,391,infernape,level 36,chimchar,2020-11-05 21:34:48.605842,2020-11-05 21:45:10.729498
270,394,empoleon,level 36,piplup,2020-11-05 21:34:49.972787,2020-11-05 21:45:10.828915
221,315,roserade,use shiny stone,budew,2020-11-05 21:34:14.616931,2020-11-05 21:45:11.34166
271,396,staravia,level 14,,2020-11-05 21:34:51.241496,2020-11-05 21:34:51.241496
273,399,bibarel,level 15,,2020-11-05 21:34:52.558312,2020-11-05 21:34:52.558312
274,401,kricketune,level 10,,2020-11-05 21:35:41.618916,2020-11-05 21:35:41.618916
275,403,luxio,level 15,,2020-11-05 21:35:42.481552,2020-11-05 21:35:42.481552
277,408,rampardos,level 30,,2020-11-05 21:35:44.681578,2020-11-05 21:35:44.681578
278,410,bastiodon,level 30,,2020-11-05 21:35:45.638274,2020-11-05 21:35:45.638274
279,412,wormadam,female at level evelf20,,2020-11-05 21:35:46.532328,2020-11-05 21:35:46.532328
280,412,mothim,male at level unmoon,,2020-11-05 21:35:46.60916,2020-11-05 21:35:46.60916
281,415,vespiquen,female at level evelf21,,2020-11-05 21:35:47.893172,2020-11-05 21:35:47.893172
282,418,floatzel,level 26,,2020-11-05 21:35:49.233974,2020-11-05 21:35:49.233974
283,420,cherrim,level 25,,2020-11-05 21:35:50.110324,2020-11-05 21:35:50.110324
284,422,gastrodon,level 30,,2020-11-05 21:35:51.015817,2020-11-05 21:35:51.015817
285,425,drifblim,level 28,,2020-11-05 21:35:52.301756,2020-11-05 21:35:52.301756
286,427,lopunny,level up with happiness value at 220 appiness,,2020-11-05 21:35:53.197786,2020-11-05 21:35:53.197786
288,431,purugly,level 38,,2020-11-05 21:35:54.960771,2020-11-05 21:35:54.960771
289,434,skuntank,level 34,,2020-11-05 21:35:56.264196,2020-11-05 21:35:56.264196
290,436,bronzong,level 33,,2020-11-05 21:35:57.191195,2020-11-05 21:35:57.191195
291,443,gabite,level 24,,2020-11-05 21:36:00.007728,2020-11-05 21:36:00.007728
294,447,lucario,level up with happiness value at 220 during the day appinessday,,2020-11-05 21:36:01.936595,2020-11-05 21:36:01.936595
296,449,hippowdon,level 34,,2020-11-05 21:36:03.031328,2020-11-05 21:36:03.031328
297,451,drapion,level 40,,2020-11-05 21:36:03.882556,2020-11-05 21:36:03.882556
298,453,toxicroak,level 37,,2020-11-05 21:36:04.796259,2020-11-05 21:36:04.796259
299,456,lumineon,level 31,,2020-11-05 21:36:06.041218,2020-11-05 21:36:06.041218
300,459,abomasnow,level 40,,2020-11-05 21:36:07.252459,2020-11-05 21:36:07.252459
302,489,manaphy,breed with ditto,,2020-11-05 21:36:19.972414,2020-11-05 21:36:19.972414
303,495,servine,level 17,,2020-11-05 21:36:22.558367,2020-11-05 21:36:22.558367
305,498,pignite,level 17,,2020-11-05 21:36:23.921853,2020-11-05 21:36:23.921853
307,501,dewott,level 17,,2020-11-05 21:37:13.487179,2020-11-05 21:37:13.487179
309,504,watchog,level 20,,2020-11-05 21:37:14.884581,2020-11-05 21:37:14.884581
310,506,herdier,level 16,,2020-11-05 21:37:15.807414,2020-11-05 21:37:15.807414
312,509,liepard,level 20,,2020-11-05 21:37:17.198659,2020-11-05 21:37:17.198659
313,511,simisage,use leaf stone,,2020-11-05 21:37:18.104881,2020-11-05 21:37:18.104881
314,513,simisear,use fire stone,,2020-11-05 21:37:18.991041,2020-11-05 21:37:18.991041
315,515,simipour,use water stone,,2020-11-05 21:37:20.029787,2020-11-05 21:37:20.029787
316,517,musharna,use moon stone,,2020-11-05 21:37:21.049582,2020-11-05 21:37:21.049582
317,519,tranquill,level 21,,2020-11-05 21:37:21.908694,2020-11-05 21:37:21.908694
319,522,zebstrika,level 27,,2020-11-05 21:37:23.27588,2020-11-05 21:37:23.27588
320,524,boldore,level 25,,2020-11-05 21:37:24.172482,2020-11-05 21:37:24.172482
322,527,swoobat,level up with happiness value at 220 appiness,,2020-11-05 21:37:25.621439,2020-11-05 21:37:25.621439
323,529,excadrill,level 31,,2020-11-05 21:37:26.476662,2020-11-05 21:37:26.476662
324,531,mega_audino,mega evolution,,2020-11-05 21:37:27.393846,2020-11-05 21:37:27.393846
325,532,gurdurr,level 25,,2020-11-05 21:37:27.870251,2020-11-05 21:37:27.870251
327,535,palpitoad,level 25,,2020-11-05 21:37:29.167388,2020-11-05 21:37:29.167388
329,540,swadloon,level 20,,2020-11-05 21:37:31.264192,2020-11-05 21:37:31.264192
331,543,whirlipede,level 22,,2020-11-05 21:37:32.651461,2020-11-05 21:37:32.651461
333,546,whimsicott,use sun stone,,2020-11-05 21:37:33.971661,2020-11-05 21:37:33.971661
334,548,lilligant,use sun stone,,2020-11-05 21:37:34.756784,2020-11-05 21:37:34.756784
335,551,krokorok,level 29,,2020-11-05 21:37:36.09179,2020-11-05 21:37:36.09179
337,554,darmanitan_standard,level 35,,2020-11-05 21:37:37.403967,2020-11-05 21:37:37.403967
338,557,crustle,level 34,,2020-11-05 21:37:38.68182,2020-11-05 21:37:38.68182
339,559,scrafty,level 39,,2020-11-05 21:37:39.53972,2020-11-05 21:37:39.53972
340,562,cofagrigus,level 34,,2020-11-05 21:37:40.83726,2020-11-05 21:37:40.83726
341,564,carracosta,level 37,,2020-11-05 21:37:41.69534,2020-11-05 21:37:41.69534
342,566,archeops,level 37,,2020-11-05 21:37:42.578637,2020-11-05 21:37:42.578637
343,568,garbodor,level 36,,2020-11-05 21:37:43.464743,2020-11-05 21:37:43.464743
344,570,zoroark,level 30,,2020-11-05 21:37:44.347387,2020-11-05 21:37:44.347387
345,572,cinccino,use shiny stone,,2020-11-05 21:37:45.284846,2020-11-05 21:37:45.284846
346,574,gothorita,level 32,,2020-11-05 21:37:46.142415,2020-11-05 21:37:46.142415
348,577,duosion,level 32,,2020-11-05 21:37:47.556127,2020-11-05 21:37:47.556127
350,580,swanna,level 35,,2020-11-05 21:37:48.886682,2020-11-05 21:37:48.886682
351,582,vanillish,level 35,,2020-11-05 21:37:49.732695,2020-11-05 21:37:49.732695
353,585,sawsbuck,level 34,,2020-11-05 21:37:51.035163,2020-11-05 21:37:51.035163
354,588,escavalier,trade with,,2020-11-05 21:37:52.332864,2020-11-05 21:37:52.332864
355,590,amoonguss,level 39,,2020-11-05 21:37:53.190656,2020-11-05 21:37:53.190656
356,592,jellicent,level 40,,2020-11-05 21:37:54.041906,2020-11-05 21:37:54.041906
357,595,galvantula,level 36,,2020-11-05 21:37:55.295704,2020-11-05 21:37:55.295704
358,597,ferrothorn,level 40,,2020-11-05 21:37:56.224434,2020-11-05 21:37:56.224434
359,599,klang,level 38,,2020-11-05 21:37:57.113446,2020-11-05 21:37:57.113446
361,602,eelektrik,level 39,,2020-11-05 21:38:47.862135,2020-11-05 21:38:47.862135
363,605,beheeyem,level 42,,2020-11-05 21:38:49.232243,2020-11-05 21:38:49.232243
364,607,lampent,level 41,,2020-11-05 21:38:50.129034,2020-11-05 21:38:50.129034
276,404,luxray,level 30,shinx,2020-11-05 21:35:42.546325,2020-11-05 21:45:11.170847
287,428,mega_lopunny,mega evolution,buneary,2020-11-05 21:35:53.277106,2020-11-05 21:45:11.973951
292,444,garchomp,level 48,gible,2020-11-05 21:36:00.097894,2020-11-05 21:45:12.605568
293,445,mega_garchomp,mega evolution,gabite,2020-11-05 21:36:00.143713,2020-11-05 21:45:12.648739
295,448,mega_lucario,mega evolution,riolu,2020-11-05 21:36:02.183473,2020-11-05 21:45:12.772669
304,496,serperior,level 36,snivy,2020-11-05 21:36:22.61686,2020-11-05 21:45:13.76803
306,499,emboar,level 36,tepig,2020-11-05 21:36:23.970964,2020-11-05 21:45:13.931453
308,502,samurott,level 36,oshawott,2020-11-05 21:37:13.57285,2020-11-05 21:45:14.09556
311,507,stoutland,level 32,lillipup,2020-11-05 21:37:15.908498,2020-11-05 21:45:14.349659
318,520,unfezant,level 32,pidove,2020-11-05 21:37:22.0316,2020-11-05 21:45:14.96708
321,525,gigalith,trade,roggenrola,2020-11-05 21:37:24.3074,2020-11-05 21:45:15.241148
326,533,conkeldurr,trade,timburr,2020-11-05 21:37:27.918229,2020-11-05 21:45:15.586179
330,541,leavanny,level up with happiness value at 220 appiness,sewaddle,2020-11-05 21:37:31.364456,2020-11-05 21:45:15.922517
332,544,scolipede,level 30,venipede,2020-11-05 21:37:32.701299,2020-11-05 21:45:16.105442
336,552,krookodile,level 40,sandile,2020-11-05 21:37:36.14217,2020-11-05 21:45:16.454322
347,575,gothitelle,level 41,gothita,2020-11-05 21:37:46.20271,2020-11-05 21:45:17.17184
349,578,reuniclus,level 41,solosis,2020-11-05 21:37:47.620271,2020-11-05 21:45:17.280534
352,583,vanilluxe,level 47,vanillite,2020-11-05 21:37:49.791054,2020-11-05 21:45:17.441651
360,600,klinklang,level 49,klink,2020-11-05 21:37:57.40408,2020-11-05 21:45:17.879911
366,610,fraxure,level 38,,2020-11-05 21:38:51.465499,2020-11-05 21:38:51.465499
368,613,beartic,level 37,,2020-11-05 21:38:52.746412,2020-11-05 21:38:52.746412
369,616,accelgor,trade with,,2020-11-05 21:38:54.088953,2020-11-05 21:38:54.088953
370,619,mienshao,level 50,,2020-11-05 21:38:55.358697,2020-11-05 21:38:55.358697
371,622,golurk,level 43,,2020-11-05 21:38:56.610078,2020-11-05 21:38:56.610078
372,624,bisharp,level 52,,2020-11-05 21:38:57.463571,2020-11-05 21:38:57.463571
373,627,braviary,level 54,,2020-11-05 21:38:58.750276,2020-11-05 21:38:58.750276
374,629,mandibuzz,level 54,,2020-11-05 21:38:59.626425,2020-11-05 21:38:59.626425
375,633,zweilous,level 50,,2020-11-05 21:39:01.278669,2020-11-05 21:39:01.278669
377,636,volcarona,level 59,,2020-11-05 21:39:02.669843,2020-11-05 21:39:02.669843
378,650,quilladin,level 16,,2020-11-05 21:39:08.362531,2020-11-05 21:39:08.362531
380,653,braixen,level 16,,2020-11-05 21:39:09.854385,2020-11-05 21:39:09.854385
382,656,frogadier,level 16,,2020-11-05 21:39:11.208419,2020-11-05 21:39:11.208419
384,659,diggersby,level 20,,2020-11-05 21:39:12.648819,2020-11-05 21:39:12.648819
385,661,fletchinder,level 17,,2020-11-05 21:39:13.555779,2020-11-05 21:39:13.555779
387,664,spewpa,level 9,,2020-11-05 21:39:14.872598,2020-11-05 21:39:14.872598
389,667,pyroar,level 35,,2020-11-05 21:39:16.218976,2020-11-05 21:39:16.218976
390,669,floette,level 19,,2020-11-05 21:39:17.161558,2020-11-05 21:39:17.161558
392,672,gogoat,level 32,,2020-11-05 21:39:18.57743,2020-11-05 21:39:18.57743
393,674,pangoro,level 32 with a dark-type in your team 32dark,,2020-11-05 21:39:19.492002,2020-11-05 21:39:19.492002
394,677,meowstic_male,level 25,,2020-11-05 21:39:20.740664,2020-11-05 21:39:20.740664
395,679,doublade,level 35,,2020-11-05 21:39:21.651638,2020-11-05 21:39:21.651638
397,682,aromatisse,trade with  sachet,,2020-11-05 21:39:23.006217,2020-11-05 21:39:23.006217
398,684,slurpuff,trade with  whipped dream,,2020-11-05 21:39:23.906322,2020-11-05 21:39:23.906322
399,686,malamar,level 30 while holding 3ds upside-down 303ds,,2020-11-05 21:39:24.815489,2020-11-05 21:39:24.815489
400,688,barbaracle,level 39,,2020-11-05 21:39:25.724346,2020-11-05 21:39:25.724346
401,690,dragalge,level 48,,2020-11-05 21:39:26.549247,2020-11-05 21:39:26.549247
402,692,clawitzer,level 37,,2020-11-05 21:39:27.375501,2020-11-05 21:39:27.375501
403,694,heliolisk,use sun stone,,2020-11-05 21:39:28.225083,2020-11-05 21:39:28.225083
404,696,tyrantrum,level in daytime day39,,2020-11-05 21:39:29.160661,2020-11-05 21:39:29.160661
405,698,aurorus,level in night night39,,2020-11-05 21:39:29.978794,2020-11-05 21:39:29.978794
406,704,sliggoo,level 40,,2020-11-05 21:40:20.65811,2020-11-05 21:40:20.65811
408,708,trevenant,trade,,2020-11-05 21:40:22.462311,2020-11-05 21:40:22.462311
409,710,gourgeist_average,trade,,2020-11-05 21:40:23.369797,2020-11-05 21:40:23.369797
410,712,avalugg,level 37,,2020-11-05 21:40:24.262397,2020-11-05 21:40:24.262397
411,714,noivern,level 48,,2020-11-05 21:40:25.121551,2020-11-05 21:40:25.121551
412,719,mega_diancie,mega evolution,,2020-11-05 21:40:27.253414,2020-11-05 21:40:27.253414
413,722,dartrix,level 17,,2020-11-05 21:40:28.516255,2020-11-05 21:40:28.516255
415,725,torracat,level 17,,2020-11-05 21:40:29.859746,2020-11-05 21:40:29.859746
417,728,brionne,level 17,,2020-11-05 21:40:31.243859,2020-11-05 21:40:31.243859
419,731,trumbeak,level 14,,2020-11-05 21:40:32.758734,2020-11-05 21:40:32.758734
421,734,gumshoos,level in daytime day20,,2020-11-05 21:40:34.154836,2020-11-05 21:40:34.154836
422,736,charjabug,level 20,,2020-11-05 21:40:35.053027,2020-11-05 21:40:35.053027
424,739,crabominable,level up on top of mount lanakina now,,2020-11-05 21:40:36.389597,2020-11-05 21:40:36.389597
425,742,ribombee,level 25,,2020-11-05 21:40:37.716042,2020-11-05 21:40:37.716042
426,747,toxapex,level 38,,2020-11-05 21:40:39.859478,2020-11-05 21:40:39.859478
427,749,mudsdale,level 30,,2020-11-05 21:40:40.758493,2020-11-05 21:40:40.758493
428,751,araquanid,level 22,,2020-11-05 21:40:41.698833,2020-11-05 21:40:41.698833
429,753,lurantis,level in daytime day34,,2020-11-05 21:40:42.557187,2020-11-05 21:40:42.557187
430,755,shiinotic,level 24,,2020-11-05 21:40:43.423575,2020-11-05 21:40:43.423575
431,757,salazzle,female at level evelf33,,2020-11-05 21:40:44.301543,2020-11-05 21:40:44.301543
432,759,bewear,level 27,,2020-11-05 21:40:45.181761,2020-11-05 21:40:45.181761
433,761,steenee,level 18,,2020-11-05 21:40:46.048635,2020-11-05 21:40:46.048635
435,767,golisopod,level 30,,2020-11-05 21:40:48.626042,2020-11-05 21:40:48.626042
436,769,palossand,level 42,,2020-11-05 21:40:49.479424,2020-11-05 21:40:49.479424
437,772,silvally,level up with happiness value at 220 appiness,,2020-11-05 21:40:50.771753,2020-11-05 21:40:50.771753
438,782,hakamo_o,level 35,,2020-11-05 21:40:54.789373,2020-11-05 21:40:54.789373
440,789,cosmoem,level 43,,2020-11-05 21:40:57.723984,2020-11-05 21:40:57.723984
443,800,necrozma_ultra,mega evolution,,2020-11-05 21:41:50.392997,2020-11-05 21:41:50.392997
444,803,naganadel,level up while knowing  dragon pulse eveldragonpulse,,2020-11-05 21:41:51.67025,2020-11-05 21:41:51.67025
445,808,melmetal,400 candy in pokémon go,,2020-11-05 21:41:53.784994,2020-11-05 21:41:53.784994
446,52,gigantamax_meowth,gigantamax,,2020-11-05 21:44:39.071477,2020-11-05 21:44:39.071477
447,439,mr_mime,level up while knowing  mimic,,2020-11-05 21:44:40.426895,2020-11-05 21:44:40.426895
448,439,galarian_mr_mime,level up while knowing  mimic,,2020-11-05 21:44:40.485005,2020-11-05 21:44:40.485005
449,869,alcremie,sweet item & spin,,2020-11-05 21:44:41.381436,2020-11-05 21:44:41.381436
451,873,frosmoth,level up with happiness value at 220 during the night okedex-swsh,,2020-11-05 21:44:43.063212,2020-11-05 21:44:43.063212
452,881,copperajah,level okedex-swsh,,2020-11-05 21:44:46.406611,2020-11-05 21:44:46.406611
454,887,gigantamax_duraludon,gigantamax,,2020-11-05 21:44:49.026275,2020-11-05 21:44:49.026275
656,596,,,joltik,2020-11-05 21:45:17.756905,2020-11-05 21:45:17.756905
367,611,haxorus,level 48,axew,2020-11-05 21:38:51.512489,2020-11-05 21:45:18.322436
376,634,hydreigon,level 64,deino,2020-11-05 21:39:01.356497,2020-11-05 21:45:18.904572
379,651,chesnaught,level 36,chespin,2020-11-05 21:39:08.449616,2020-11-05 21:45:19.124085
383,657,greninja,level 36,froakie,2020-11-05 21:39:11.262477,2020-11-05 21:45:19.343524
386,662,talonflame,level 35,fletchling,2020-11-05 21:39:13.604896,2020-11-05 21:45:19.578875
388,665,vivillon,level 12,scatterbug,2020-11-05 21:39:14.935788,2020-11-05 21:45:19.677392
391,670,florges,use shiny stone,flabebe,2020-11-05 21:39:17.304298,2020-11-05 21:45:19.839332
396,680,aegislash_shield,use dusk stone,honedge,2020-11-05 21:39:21.693578,2020-11-05 21:45:20.158955
407,705,goodra,level 50 in rain 50rain,goomy,2020-11-05 21:40:20.778031,2020-11-05 21:45:20.933672
416,726,incineroar,level 34,litten,2020-11-05 21:40:29.917849,2020-11-05 21:45:21.438462
418,729,primarina,level 34,popplio,2020-11-05 21:40:31.339416,2020-11-05 21:45:21.540036
420,732,toucannon,level 28,pikipek,2020-11-05 21:40:32.857479,2020-11-05 21:45:21.685827
434,762,tsareena,level up while knowing  stomp evelstomp,bounsweet,2020-11-05 21:40:46.097265,2020-11-05 21:45:22.690199
439,783,kommo_o,level 45,jangmo_o,2020-11-05 21:40:54.84186,2020-11-05 21:45:23.070744
442,790,lunala,level 53 in specific game unmoon,cosmog,2020-11-05 21:40:57.823935,2020-11-05 21:45:23.237692
441,790,solgaleo,level 53 in specific game 53s,cosmog,2020-11-05 21:40:57.776832,2020-11-05 21:45:23.272192
450,870,gigantamax_alcremie,gigantamax,milcery,2020-11-05 21:44:41.427006,2020-11-05 21:45:23.856769
453,882,gigantamax_copperajah,gigantamax,cufant,2020-11-05 21:44:46.460724,2020-11-05 21:45:24.185944
455,888,drakloak,level okedex-swsh,,2020-11-05 21:44:49.540962,2020-11-05 21:44:49.540962
457,894,urshifu_single_strike_style,complete tower of darkness,,2020-11-05 21:44:53.001727,2020-11-05 21:44:53.001727
459,894,urshifu_rapid_strike_style,complete tower of water,,2020-11-05 21:44:53.088258,2020-11-05 21:44:53.088258
4,2,venusaur,level 32,bulbasaur,2020-11-05 21:29:21.51887,2020-11-05 21:44:55.334963
9,6,mega_charizard_y,charizardnite y,charmeleon,2020-11-05 21:29:23.180178,2020-11-05 21:44:55.46903
461,12,,,metapod,2020-11-05 21:44:55.708853,2020-11-05 21:44:55.708853
462,20,,,rattata,2020-11-05 21:44:56.020731,2020-11-05 21:44:56.020731
463,22,,,spearow,2020-11-05 21:44:56.090869,2020-11-05 21:44:56.090869
464,24,,,ekans,2020-11-05 21:44:56.135311,2020-11-05 21:44:56.135311
465,26,,,pikachu,2020-11-05 21:44:56.228794,2020-11-05 21:44:56.228794
466,28,,,sandshrew,2020-11-05 21:44:56.335848,2020-11-05 21:44:56.335848
29,30,nidoqueen,use moonstone,nidoran_f,2020-11-05 21:29:35.683983,2020-11-05 21:44:56.392404
467,31,,,nidorina,2020-11-05 21:44:56.441079,2020-11-05 21:44:56.441079
468,34,,,nidorino,2020-11-05 21:44:56.601048,2020-11-05 21:44:56.601048
469,36,,,clefairy,2020-11-05 21:44:56.675071,2020-11-05 21:44:56.675071
470,38,,,vulpix,2020-11-05 21:44:56.753813,2020-11-05 21:44:56.753813
471,40,,,jigglypuff,2020-11-05 21:44:56.845111,2020-11-05 21:44:56.845111
472,169,,,golbat,2020-11-05 21:44:57.02492,2020-11-05 21:44:57.02492
473,182,,,gloom,2020-11-05 21:44:57.227479,2020-11-05 21:44:57.227479
474,45,,,gloom,2020-11-05 21:44:57.30288,2020-11-05 21:44:57.30288
475,47,,,paras,2020-11-05 21:44:57.391052,2020-11-05 21:44:57.391052
476,49,,,venonat,2020-11-05 21:44:57.501566,2020-11-05 21:44:57.501566
477,51,,,diglett,2020-11-05 21:44:57.590896,2020-11-05 21:44:57.590896
478,53,,,meowth,2020-11-05 21:44:57.702199,2020-11-05 21:44:57.702199
479,55,,,psyduck,2020-11-05 21:44:57.830625,2020-11-05 21:44:57.830625
480,57,,,mankey,2020-11-05 21:44:57.915339,2020-11-05 21:44:57.915339
481,59,,,growlithe,2020-11-05 21:44:58.006485,2020-11-05 21:44:58.006485
482,186,,,poliwhirl,2020-11-05 21:44:58.21226,2020-11-05 21:44:58.21226
483,62,,,poliwhirl,2020-11-05 21:44:58.280513,2020-11-05 21:44:58.280513
54,65,mega_alakazam,mega evolution,kadabra,2020-11-05 21:29:52.707927,2020-11-05 21:44:58.424567
484,68,,,machoke,2020-11-05 21:44:58.835717,2020-11-05 21:44:58.835717
485,71,,,weepinbell,2020-11-05 21:44:58.999976,2020-11-05 21:44:58.999976
486,73,,,tentacool,2020-11-05 21:44:59.110774,2020-11-05 21:44:59.110774
487,76,,,graveler,2020-11-05 21:44:59.203054,2020-11-05 21:44:59.203054
488,78,,,ponyta,2020-11-05 21:44:59.264281,2020-11-05 21:44:59.264281
489,199,,,slowpoke,2020-11-05 21:44:59.338538,2020-11-05 21:44:59.338538
67,82,magnezone,level up while at blush mountain/vast poni canyon evelcoronet,magnemite,2020-11-05 21:30:01.68118,2020-11-05 21:44:59.436896
490,462,,,magneton,2020-11-05 21:44:59.526827,2020-11-05 21:44:59.526827
491,85,,,doduo,2020-11-05 21:44:59.610615,2020-11-05 21:44:59.610615
492,87,,,seel,2020-11-05 21:44:59.670153,2020-11-05 21:44:59.670153
493,89,,,grimer,2020-11-05 21:44:59.71842,2020-11-05 21:44:59.71842
494,91,,,shellder,2020-11-05 21:44:59.781447,2020-11-05 21:44:59.781447
495,97,,,drowzee,2020-11-05 21:45:00.042606,2020-11-05 21:45:00.042606
496,99,,,krabby,2020-11-05 21:45:00.132605,2020-11-05 21:45:00.132605
497,101,,,voltorb,2020-11-05 21:45:00.25959,2020-11-05 21:45:00.25959
498,103,,,exeggcute,2020-11-05 21:45:00.322829,2020-11-05 21:45:00.322829
499,105,,,cubone,2020-11-05 21:45:00.388338,2020-11-05 21:45:00.388338
500,463,,,lickitung,2020-11-05 21:45:00.461136,2020-11-05 21:45:00.461136
501,110,,,koffing,2020-11-05 21:45:00.511735,2020-11-05 21:45:00.511735
502,464,,,rhydon,2020-11-05 21:45:00.658274,2020-11-05 21:45:00.658274
503,242,,,chansey,2020-11-05 21:45:00.717803,2020-11-05 21:45:00.717803
504,465,,,tangela,2020-11-05 21:45:00.766583,2020-11-05 21:45:00.766583
96,117,kingdra,trade with  dragon scale,horsea,2020-11-05 21:31:07.052474,2020-11-05 21:45:00.826325
505,230,,,seadra,2020-11-05 21:45:00.874696,2020-11-05 21:45:00.874696
506,119,,,goldeen,2020-11-05 21:45:00.932501,2020-11-05 21:45:00.932501
507,121,,,staryu,2020-11-05 21:45:01.035214,2020-11-05 21:45:01.035214
508,466,,,electabuzz,2020-11-05 21:45:01.146774,2020-11-05 21:45:01.146774
509,467,,,magmar,2020-11-05 21:45:01.190673,2020-11-05 21:45:01.190673
108,130,mega_gyarados,mega evolution,magikarp,2020-11-05 21:31:13.245226,2020-11-05 21:45:01.252359
510,700,,,eevee,2020-11-05 21:45:01.406833,2020-11-05 21:45:01.406833
511,197,,,eevee,2020-11-05 21:45:01.458432,2020-11-05 21:45:01.458432
512,196,,,eevee,2020-11-05 21:45:01.513944,2020-11-05 21:45:01.513944
513,136,,,eevee,2020-11-05 21:45:01.579957,2020-11-05 21:45:01.579957
514,134,,,eevee,2020-11-05 21:45:01.650604,2020-11-05 21:45:01.650604
515,135,,,eevee,2020-11-05 21:45:01.720643,2020-11-05 21:45:01.720643
516,471,,,eevee,2020-11-05 21:45:01.774251,2020-11-05 21:45:01.774251
517,470,,,eevee,2020-11-05 21:45:01.817595,2020-11-05 21:45:01.817595
518,139,,,omanyte,2020-11-05 21:45:01.949424,2020-11-05 21:45:01.949424
519,141,,,kabuto,2020-11-05 21:45:02.010132,2020-11-05 21:45:02.010132
520,149,,,dragonair,2020-11-05 21:45:02.1888,2020-11-05 21:45:02.1888
521,154,,,bayleef,2020-11-05 21:45:02.413107,2020-11-05 21:45:02.413107
522,157,,,quilava,2020-11-05 21:45:02.558557,2020-11-05 21:45:02.558557
523,160,,,croconaw,2020-11-05 21:45:02.711993,2020-11-05 21:45:02.711993
524,162,,,sentret,2020-11-05 21:45:02.820092,2020-11-05 21:45:02.820092
525,164,,,hoothoot,2020-11-05 21:45:02.90074,2020-11-05 21:45:02.90074
526,166,,,ledyba,2020-11-05 21:45:02.997191,2020-11-05 21:45:02.997191
527,168,,,spinarak,2020-11-05 21:45:03.082013,2020-11-05 21:45:03.082013
528,171,,,chinchou,2020-11-05 21:45:03.179918,2020-11-05 21:45:03.179918
529,468,,,togetic,2020-11-05 21:45:03.538993,2020-11-05 21:45:03.538993
530,178,,,natu,2020-11-05 21:45:03.618514,2020-11-05 21:45:03.618514
531,184,,,marill,2020-11-05 21:45:03.852564,2020-11-05 21:45:03.852564
532,189,,,skiploom,2020-11-05 21:45:04.014598,2020-11-05 21:45:04.014598
533,424,,,aipom,2020-11-05 21:45:04.110251,2020-11-05 21:45:04.110251
534,192,,,sunkern,2020-11-05 21:45:04.191093,2020-11-05 21:45:04.191093
535,469,,,yanma,2020-11-05 21:45:04.295293,2020-11-05 21:45:04.295293
536,195,,,wooper,2020-11-05 21:45:04.342802,2020-11-05 21:45:04.342802
537,430,,,murkrow,2020-11-05 21:45:04.422694,2020-11-05 21:45:04.422694
538,429,,,misdreavus,2020-11-05 21:45:04.48753,2020-11-05 21:45:04.48753
539,205,,,pineco,2020-11-05 21:45:04.56385,2020-11-05 21:45:04.56385
540,472,,,gligar,2020-11-05 21:45:04.650516,2020-11-05 21:45:04.650516
541,210,,,snubbull,2020-11-05 21:45:04.74691,2020-11-05 21:45:04.74691
542,461,,,sneasel,2020-11-05 21:45:04.865295,2020-11-05 21:45:04.865295
543,217,,,teddiursa,2020-11-05 21:45:04.931295,2020-11-05 21:45:04.931295
544,219,,,slugma,2020-11-05 21:45:05.002141,2020-11-05 21:45:05.002141
164,221,mamoswine,level up while knowing  ancient power evelancientpower,swinub,2020-11-05 21:32:43.843544,2020-11-05 21:45:05.075664
545,473,,,piloswine,2020-11-05 21:45:05.150105,2020-11-05 21:45:05.150105
546,224,,,remoraid,2020-11-05 21:45:05.227286,2020-11-05 21:45:05.227286
547,232,,,phanpy,2020-11-05 21:45:05.434482,2020-11-05 21:45:05.434482
548,474,,,porygon2,2020-11-05 21:45:05.561787,2020-11-05 21:45:05.561787
549,237,,,tyrogue,2020-11-05 21:45:05.638196,2020-11-05 21:45:05.638196
550,106,,,tyrogue,2020-11-05 21:45:05.702391,2020-11-05 21:45:05.702391
551,107,,,tyrogue,2020-11-05 21:45:05.773729,2020-11-05 21:45:05.773729
552,124,,,smoochum,2020-11-05 21:45:05.853427,2020-11-05 21:45:05.853427
180,259,swampert,level 36,mudkip,2020-11-05 21:33:00.335466,2020-11-05 21:45:06.445821
460,896,gigantamax_urshifu_rapid_strike_style,gigantamax,kubfu,2020-11-05 21:44:53.135282,2020-11-05 21:45:24.378193
458,895,gigantamax_urshifu_single_strike_style,gigantamax,kubfu,2020-11-05 21:44:53.043423,2020-11-05 21:45:24.419504
181,260,mega_swampert,mega evolution,marshtomp,2020-11-05 21:33:00.383518,2020-11-05 21:45:06.49308
553,262,,,poochyena,2020-11-05 21:45:06.561312,2020-11-05 21:45:06.561312
554,264,,,zigzagoon,2020-11-05 21:45:06.61703,2020-11-05 21:45:06.61703
555,269,,,wurmple,2020-11-05 21:45:06.668136,2020-11-05 21:45:06.668136
556,267,,,silcoon,2020-11-05 21:45:06.819296,2020-11-05 21:45:06.819296
557,272,,,lombre,2020-11-05 21:45:06.960482,2020-11-05 21:45:06.960482
558,275,,,nuzleaf,2020-11-05 21:45:07.069073,2020-11-05 21:45:07.069073
559,277,,,taillow,2020-11-05 21:45:07.146574,2020-11-05 21:45:07.146574
560,279,,,wingull,2020-11-05 21:45:07.201454,2020-11-05 21:45:07.201454
561,284,,,surskit,2020-11-05 21:45:07.50622,2020-11-05 21:45:07.50622
562,286,,,shroomish,2020-11-05 21:45:07.564686,2020-11-05 21:45:07.564686
563,289,,,vigoroth,2020-11-05 21:45:07.673545,2020-11-05 21:45:07.673545
564,292,,,nincada,2020-11-05 21:45:07.738945,2020-11-05 21:45:07.738945
565,291,,,nincada,2020-11-05 21:45:07.783328,2020-11-05 21:45:07.783328
566,295,,,loudred,2020-11-05 21:45:07.934485,2020-11-05 21:45:07.934485
567,297,,,makuhita,2020-11-05 21:45:08.021637,2020-11-05 21:45:08.021637
568,476,,,nosepass,2020-11-05 21:45:08.153763,2020-11-05 21:45:08.153763
569,301,,,skitty,2020-11-05 21:45:08.213378,2020-11-05 21:45:08.213378
214,305,aggron,level 42,aron,2020-11-05 21:34:09.693856,2020-11-05 21:45:08.315089
570,407,,,roselia,2020-11-05 21:45:08.57692,2020-11-05 21:45:08.57692
571,317,,,gulpin,2020-11-05 21:45:08.716309,2020-11-05 21:45:08.716309
572,321,,,wailmer,2020-11-05 21:45:08.863311,2020-11-05 21:45:08.863311
573,326,,,spoink,2020-11-05 21:45:08.995621,2020-11-05 21:45:08.995621
574,330,,,vibrava,2020-11-05 21:45:09.109519,2020-11-05 21:45:09.109519
575,332,,,cacnea,2020-11-05 21:45:09.199487,2020-11-05 21:45:09.199487
233,334,mega_altaria,mega evolution,swablu,2020-11-05 21:34:22.728748,2020-11-05 21:45:09.273412
576,340,,,barboach,2020-11-05 21:45:09.355816,2020-11-05 21:45:09.355816
577,342,,,corphish,2020-11-05 21:45:09.406607,2020-11-05 21:45:09.406607
578,344,,,baltoy,2020-11-05 21:45:09.452923,2020-11-05 21:45:09.452923
579,346,,,lileep,2020-11-05 21:45:09.500133,2020-11-05 21:45:09.500133
580,348,,,anorith,2020-11-05 21:45:09.557114,2020-11-05 21:45:09.557114
581,350,,,feebas,2020-11-05 21:45:09.604488,2020-11-05 21:45:09.604488
582,477,,,dusclops,2020-11-05 21:45:09.772472,2020-11-05 21:45:09.772472
583,202,,,wynaut,2020-11-05 21:45:09.87836,2020-11-05 21:45:09.87836
584,478,,,snorunt,2020-11-05 21:45:09.921042,2020-11-05 21:45:09.921042
585,365,,,sealeo,2020-11-05 21:45:10.088608,2020-11-05 21:45:10.088608
586,368,,,clamperl,2020-11-05 21:45:10.146602,2020-11-05 21:45:10.146602
587,367,,,clamperl,2020-11-05 21:45:10.193245,2020-11-05 21:45:10.193245
259,376,mega_metagross,mega evolution,metang,2020-11-05 21:34:41.37139,2020-11-05 21:45:10.420482
588,389,,,grotle,2020-11-05 21:45:10.654123,2020-11-05 21:45:10.654123
589,392,,,monferno,2020-11-05 21:45:10.777647,2020-11-05 21:45:10.777647
590,395,,,prinplup,2020-11-05 21:45:10.870815,2020-11-05 21:45:10.870815
272,397,staraptor,level 34,starly,2020-11-05 21:34:51.299941,2020-11-05 21:45:10.941629
591,398,,,staravia,2020-11-05 21:45:10.998658,2020-11-05 21:45:10.998658
592,400,,,bidoof,2020-11-05 21:45:11.054791,2020-11-05 21:45:11.054791
593,402,,,kricketot,2020-11-05 21:45:11.118323,2020-11-05 21:45:11.118323
594,405,,,luxio,2020-11-05 21:45:11.232426,2020-11-05 21:45:11.232426
595,409,,,cranidos,2020-11-05 21:45:11.413924,2020-11-05 21:45:11.413924
596,411,,,shieldon,2020-11-05 21:45:11.499107,2020-11-05 21:45:11.499107
597,414,,,burmy,2020-11-05 21:45:11.549074,2020-11-05 21:45:11.549074
598,413,,,burmy,2020-11-05 21:45:11.588091,2020-11-05 21:45:11.588091
599,416,,,combee,2020-11-05 21:45:11.67627,2020-11-05 21:45:11.67627
600,419,,,buizel,2020-11-05 21:45:11.745548,2020-11-05 21:45:11.745548
601,421,,,cherubi,2020-11-05 21:45:11.800699,2020-11-05 21:45:11.800699
602,423,,,shellos,2020-11-05 21:45:11.858862,2020-11-05 21:45:11.858862
603,426,,,drifloon,2020-11-05 21:45:11.926961,2020-11-05 21:45:11.926961
604,432,,,glameow,2020-11-05 21:45:12.085511,2020-11-05 21:45:12.085511
605,358,,,chingling,2020-11-05 21:45:12.24416,2020-11-05 21:45:12.24416
606,435,,,stunky,2020-11-05 21:45:12.298662,2020-11-05 21:45:12.298662
607,437,,,bronzor,2020-11-05 21:45:12.367085,2020-11-05 21:45:12.367085
608,185,,,bonsly,2020-11-05 21:45:12.43462,2020-11-05 21:45:12.43462
609,122,,,mime_jr,2020-11-05 21:45:12.506569,2020-11-05 21:45:12.506569
92,113,blissey,level up with happiness value at 220 appiness,happiny,2020-11-05 21:31:05.448401,2020-11-05 21:45:12.551274
610,143,,,munchlax,2020-11-05 21:45:12.734257,2020-11-05 21:45:12.734257
611,450,,,hippopotas,2020-11-05 21:45:12.852232,2020-11-05 21:45:12.852232
612,452,,,skorupi,2020-11-05 21:45:12.932572,2020-11-05 21:45:12.932572
613,454,,,croagunk,2020-11-05 21:45:13.018137,2020-11-05 21:45:13.018137
614,457,,,finneon,2020-11-05 21:45:13.110949,2020-11-05 21:45:13.110949
615,226,,,mantyke,2020-11-05 21:45:13.194331,2020-11-05 21:45:13.194331
301,460,mega_abomasnow,mega evolution,snover,2020-11-05 21:36:07.355851,2020-11-05 21:45:13.252221
616,490,,,phione,2020-11-05 21:45:13.623689,2020-11-05 21:45:13.623689
617,497,,,servine,2020-11-05 21:45:13.832019,2020-11-05 21:45:13.832019
618,500,,,pignite,2020-11-05 21:45:14.011343,2020-11-05 21:45:14.011343
619,503,,,dewott,2020-11-05 21:45:14.171236,2020-11-05 21:45:14.171236
620,505,,,patrat,2020-11-05 21:45:14.267636,2020-11-05 21:45:14.267636
621,508,,,herdier,2020-11-05 21:45:14.432279,2020-11-05 21:45:14.432279
622,510,,,purrloin,2020-11-05 21:45:14.553478,2020-11-05 21:45:14.553478
623,512,,,pansage,2020-11-05 21:45:14.640548,2020-11-05 21:45:14.640548
624,514,,,pansear,2020-11-05 21:45:14.71574,2020-11-05 21:45:14.71574
625,516,,,panpour,2020-11-05 21:45:14.801613,2020-11-05 21:45:14.801613
626,518,,,munna,2020-11-05 21:45:14.883086,2020-11-05 21:45:14.883086
627,521,,,tranquill,2020-11-05 21:45:15.046398,2020-11-05 21:45:15.046398
628,523,,,blitzle,2020-11-05 21:45:15.130765,2020-11-05 21:45:15.130765
629,526,,,boldore,2020-11-05 21:45:15.318452,2020-11-05 21:45:15.318452
630,528,,,woobat,2020-11-05 21:45:15.414517,2020-11-05 21:45:15.414517
631,530,,,drilbur,2020-11-05 21:45:15.501551,2020-11-05 21:45:15.501551
632,534,,,gurdurr,2020-11-05 21:45:15.661976,2020-11-05 21:45:15.661976
328,536,seismitoad,level 36,tympole,2020-11-05 21:37:29.209753,2020-11-05 21:45:15.754732
633,537,,,palpitoad,2020-11-05 21:45:15.831827,2020-11-05 21:45:15.831827
634,542,,,swadloon,2020-11-05 21:45:16.003919,2020-11-05 21:45:16.003919
635,545,,,whirlipede,2020-11-05 21:45:16.191318,2020-11-05 21:45:16.191318
636,547,,,cottonee,2020-11-05 21:45:16.274967,2020-11-05 21:45:16.274967
637,549,,,petilil,2020-11-05 21:45:16.361914,2020-11-05 21:45:16.361914
638,553,,,krokorok,2020-11-05 21:45:16.536515,2020-11-05 21:45:16.536515
639,555,,,darumaka,2020-11-05 21:45:16.599607,2020-11-05 21:45:16.599607
640,558,,,dwebble,2020-11-05 21:45:16.674189,2020-11-05 21:45:16.674189
641,560,,,scraggy,2020-11-05 21:45:16.743804,2020-11-05 21:45:16.743804
642,563,,,yamask,2020-11-05 21:45:16.805803,2020-11-05 21:45:16.805803
643,565,,,tirtouga,2020-11-05 21:45:16.890901,2020-11-05 21:45:16.890901
644,567,,,archen,2020-11-05 21:45:16.945161,2020-11-05 21:45:16.945161
645,569,,,trubbish,2020-11-05 21:45:17.002316,2020-11-05 21:45:17.002316
646,571,,,zorua,2020-11-05 21:45:17.065935,2020-11-05 21:45:17.065935
647,573,,,minccino,2020-11-05 21:45:17.118794,2020-11-05 21:45:17.118794
648,576,,,gothorita,2020-11-05 21:45:17.228065,2020-11-05 21:45:17.228065
649,579,,,duosion,2020-11-05 21:45:17.332637,2020-11-05 21:45:17.332637
650,581,,,ducklett,2020-11-05 21:45:17.390236,2020-11-05 21:45:17.390236
651,584,,,vanillish,2020-11-05 21:45:17.495179,2020-11-05 21:45:17.495179
652,586,,,deerling,2020-11-05 21:45:17.541548,2020-11-05 21:45:17.541548
653,589,,,karrablast,2020-11-05 21:45:17.59064,2020-11-05 21:45:17.59064
654,591,,,foongus,2020-11-05 21:45:17.636548,2020-11-05 21:45:17.636548
655,593,,,frillish,2020-11-05 21:45:17.690127,2020-11-05 21:45:17.690127
657,598,,,ferroseed,2020-11-05 21:45:17.823607,2020-11-05 21:45:17.823607
658,601,,,klang,2020-11-05 21:45:17.945945,2020-11-05 21:45:17.945945
362,603,eelektross,use thunder stone,tynamo,2020-11-05 21:38:47.92561,2020-11-05 21:45:18.060659
659,604,,,eelektrik,2020-11-05 21:45:18.102219,2020-11-05 21:45:18.102219
660,606,,,elgyem,2020-11-05 21:45:18.161461,2020-11-05 21:45:18.161461
365,608,chandelure,use dusk stone,litwick,2020-11-05 21:38:50.177968,2020-11-05 21:45:18.216893
661,609,,,lampent,2020-11-05 21:45:18.270897,2020-11-05 21:45:18.270897
662,612,,,fraxure,2020-11-05 21:45:18.375628,2020-11-05 21:45:18.375628
663,614,,,cubchoo,2020-11-05 21:45:18.431023,2020-11-05 21:45:18.431023
664,617,,,shelmet,2020-11-05 21:45:18.494154,2020-11-05 21:45:18.494154
665,620,,,mienfoo,2020-11-05 21:45:18.563361,2020-11-05 21:45:18.563361
666,623,,,golett,2020-11-05 21:45:18.631764,2020-11-05 21:45:18.631764
667,625,,,pawniard,2020-11-05 21:45:18.710487,2020-11-05 21:45:18.710487
668,628,,,rufflet,2020-11-05 21:45:18.785283,2020-11-05 21:45:18.785283
669,630,,,vullaby,2020-11-05 21:45:18.845834,2020-11-05 21:45:18.845834
670,635,,,zweilous,2020-11-05 21:45:18.952436,2020-11-05 21:45:18.952436
671,637,,,larvesta,2020-11-05 21:45:19.007686,2020-11-05 21:45:19.007686
672,652,,,quilladin,2020-11-05 21:45:19.165882,2020-11-05 21:45:19.165882
381,654,delphox,level 36,fennekin,2020-11-05 21:39:09.894465,2020-11-05 21:45:19.236651
673,655,,,braixen,2020-11-05 21:45:19.283514,2020-11-05 21:45:19.283514
674,658,,,frogadier,2020-11-05 21:45:19.401846,2020-11-05 21:45:19.401846
675,660,,,bunnelby,2020-11-05 21:45:19.525588,2020-11-05 21:45:19.525588
676,663,,,fletchinder,2020-11-05 21:45:19.622403,2020-11-05 21:45:19.622403
677,666,,,spewpa,2020-11-05 21:45:19.73084,2020-11-05 21:45:19.73084
678,668,,,litleo,2020-11-05 21:45:19.786768,2020-11-05 21:45:19.786768
679,671,,,floette,2020-11-05 21:45:19.893074,2020-11-05 21:45:19.893074
680,673,,,skiddo,2020-11-05 21:45:19.95398,2020-11-05 21:45:19.95398
681,675,,,pancham,2020-11-05 21:45:20.023342,2020-11-05 21:45:20.023342
682,678,,,espurr,2020-11-05 21:45:20.098717,2020-11-05 21:45:20.098717
683,681,,,doublade,2020-11-05 21:45:20.223592,2020-11-05 21:45:20.223592
684,683,,,spritzee,2020-11-05 21:45:20.301977,2020-11-05 21:45:20.301977
685,685,,,swirlix,2020-11-05 21:45:20.375471,2020-11-05 21:45:20.375471
686,687,,,inkay,2020-11-05 21:45:20.435234,2020-11-05 21:45:20.435234
687,689,,,binacle,2020-11-05 21:45:20.512256,2020-11-05 21:45:20.512256
688,691,,,skrelp,2020-11-05 21:45:20.579323,2020-11-05 21:45:20.579323
689,693,,,clauncher,2020-11-05 21:45:20.64502,2020-11-05 21:45:20.64502
690,695,,,helioptile,2020-11-05 21:45:20.714861,2020-11-05 21:45:20.714861
691,697,,,tyrunt,2020-11-05 21:45:20.785569,2020-11-05 21:45:20.785569
692,699,,,amaura,2020-11-05 21:45:20.854546,2020-11-05 21:45:20.854546
693,706,,,sliggoo,2020-11-05 21:45:20.9814,2020-11-05 21:45:20.9814
694,709,,,phantump,2020-11-05 21:45:21.041442,2020-11-05 21:45:21.041442
695,711,,,pumpkaboo_average,2020-11-05 21:45:21.100581,2020-11-05 21:45:21.100581
696,713,,,bergmite,2020-11-05 21:45:21.18314,2020-11-05 21:45:21.18314
697,715,,,noibat,2020-11-05 21:45:21.241881,2020-11-05 21:45:21.241881
414,723,decidueye,level 34,rowlet,2020-11-05 21:40:28.564732,2020-11-05 21:45:21.341806
698,724,,,dartrix,2020-11-05 21:45:21.38707,2020-11-05 21:45:21.38707
699,727,,,torracat,2020-11-05 21:45:21.486597,2020-11-05 21:45:21.486597
700,730,,,brionne,2020-11-05 21:45:21.592859,2020-11-05 21:45:21.592859
701,733,,,trumbeak,2020-11-05 21:45:21.744723,2020-11-05 21:45:21.744723
702,735,,,yungoos,2020-11-05 21:45:21.814158,2020-11-05 21:45:21.814158
423,737,vikavolt,level up while at blush mountain/vast poni canyon evelcoronet,grubbin,2020-11-05 21:40:35.11059,2020-11-05 21:45:21.880771
703,738,,,charjabug,2020-11-05 21:45:21.940582,2020-11-05 21:45:21.940582
704,740,,,crabrawler,2020-11-05 21:45:22.014156,2020-11-05 21:45:22.014156
705,743,,,cutiefly,2020-11-05 21:45:22.094895,2020-11-05 21:45:22.094895
706,748,,,mareanie,2020-11-05 21:45:22.161949,2020-11-05 21:45:22.161949
707,750,,,mudbray,2020-11-05 21:45:22.261721,2020-11-05 21:45:22.261721
708,752,,,dewpider,2020-11-05 21:45:22.389851,2020-11-05 21:45:22.389851
709,754,,,fomantis,2020-11-05 21:45:22.456253,2020-11-05 21:45:22.456253
710,756,,,morelull,2020-11-05 21:45:22.518722,2020-11-05 21:45:22.518722
711,758,,,salandit,2020-11-05 21:45:22.579584,2020-11-05 21:45:22.579584
712,760,,,stufful,2020-11-05 21:45:22.642003,2020-11-05 21:45:22.642003
713,763,,,steenee,2020-11-05 21:45:22.744511,2020-11-05 21:45:22.744511
714,768,,,wimpod,2020-11-05 21:45:22.816626,2020-11-05 21:45:22.816626
715,770,,,sandygast,2020-11-05 21:45:22.884434,2020-11-05 21:45:22.884434
716,773,,,type_null,2020-11-05 21:45:22.963677,2020-11-05 21:45:22.963677
717,784,,,hakamo_o,2020-11-05 21:45:23.140725,2020-11-05 21:45:23.140725
718,792,,,cosmoem,2020-11-05 21:45:23.360544,2020-11-05 21:45:23.360544
719,791,,,cosmoem,2020-11-05 21:45:23.431739,2020-11-05 21:45:23.431739
720,804,,,poipole,2020-11-05 21:45:23.567029,2020-11-05 21:45:23.567029
721,874,,,snom,2020-11-05 21:45:24.072215,2020-11-05 21:45:24.072215
456,889,dragapult,level okedex-swsh,dreepy,2020-11-05 21:44:49.623089,2020-11-05 21:45:24.261336
722,890,,,drakloak,2020-11-05 21:45:24.309541,2020-11-05 21:45:24.309541
