id,pokemon_id,type_id,created_at,updated_at
1,1,1,2020-11-05 21:16:19.392589,2020-11-05 21:16:19.392589
2,1,8,2020-11-05 21:16:19.464959,2020-11-05 21:16:19.464959
3,2,1,2020-11-05 21:16:20.341151,2020-11-05 21:16:20.341151
4,2,8,2020-11-05 21:16:20.449477,2020-11-05 21:16:20.449477
5,3,1,2020-11-05 21:16:21.131042,2020-11-05 21:16:21.131042
6,3,8,2020-11-05 21:16:21.211558,2020-11-05 21:16:21.211558
7,4,3,2020-11-05 21:16:21.919233,2020-11-05 21:16:21.919233
8,5,3,2020-11-05 21:16:22.610767,2020-11-05 21:16:22.610767
9,6,3,2020-11-05 21:16:23.321461,2020-11-05 21:16:23.321461
10,6,10,2020-11-05 21:16:23.404471,2020-11-05 21:16:23.404471
11,7,2,2020-11-05 21:16:24.042122,2020-11-05 21:16:24.042122
12,8,2,2020-11-05 21:16:24.706149,2020-11-05 21:16:24.706149
13,9,2,2020-11-05 21:16:25.612797,2020-11-05 21:16:25.612797
14,10,12,2020-11-05 21:16:26.231436,2020-11-05 21:16:26.231436
15,11,12,2020-11-05 21:16:26.989981,2020-11-05 21:16:26.989981
16,12,12,2020-11-05 21:16:27.542184,2020-11-05 21:16:27.542184
17,12,10,2020-11-05 21:16:27.631466,2020-11-05 21:16:27.631466
18,13,12,2020-11-05 21:16:28.309418,2020-11-05 21:16:28.309418
19,13,8,2020-11-05 21:16:28.414822,2020-11-05 21:16:28.414822
20,14,12,2020-11-05 21:16:29.085054,2020-11-05 21:16:29.085054
21,14,8,2020-11-05 21:16:29.16634,2020-11-05 21:16:29.16634
22,15,12,2020-11-05 21:16:29.740157,2020-11-05 21:16:29.740157
23,15,8,2020-11-05 21:16:29.838834,2020-11-05 21:16:29.838834
24,16,4,2020-11-05 21:16:30.612541,2020-11-05 21:16:30.612541
25,16,10,2020-11-05 21:16:30.696838,2020-11-05 21:16:30.696838
26,17,4,2020-11-05 21:16:31.562383,2020-11-05 21:16:31.562383
27,17,10,2020-11-05 21:16:31.651214,2020-11-05 21:16:31.651214
28,18,4,2020-11-05 21:16:32.56651,2020-11-05 21:16:32.56651
29,18,10,2020-11-05 21:16:32.646187,2020-11-05 21:16:32.646187
30,19,4,2020-11-05 21:16:33.534146,2020-11-05 21:16:33.534146
31,20,4,2020-11-05 21:16:34.306234,2020-11-05 21:16:34.306234
32,21,4,2020-11-05 21:16:34.866684,2020-11-05 21:16:34.866684
33,21,10,2020-11-05 21:16:34.937578,2020-11-05 21:16:34.937578
34,22,4,2020-11-05 21:16:35.670429,2020-11-05 21:16:35.670429
35,22,10,2020-11-05 21:16:35.756272,2020-11-05 21:16:35.756272
36,23,8,2020-11-05 21:16:36.555869,2020-11-05 21:16:36.555869
37,24,8,2020-11-05 21:16:37.366113,2020-11-05 21:16:37.366113
38,25,5,2020-11-05 21:16:38.136429,2020-11-05 21:16:38.136429
39,26,5,2020-11-05 21:16:38.820027,2020-11-05 21:16:38.820027
40,27,9,2020-11-05 21:16:39.531083,2020-11-05 21:16:39.531083
41,28,9,2020-11-05 21:16:40.236464,2020-11-05 21:16:40.236464
42,29,8,2020-11-05 21:16:40.983449,2020-11-05 21:16:40.983449
43,30,8,2020-11-05 21:16:41.748239,2020-11-05 21:16:41.748239
44,31,8,2020-11-05 21:16:42.537137,2020-11-05 21:16:42.537137
45,31,9,2020-11-05 21:16:42.627525,2020-11-05 21:16:42.627525
46,32,8,2020-11-05 21:16:43.406089,2020-11-05 21:16:43.406089
47,33,8,2020-11-05 21:16:44.166298,2020-11-05 21:16:44.166298
48,34,8,2020-11-05 21:16:45.012231,2020-11-05 21:16:45.012231
49,34,9,2020-11-05 21:16:45.092536,2020-11-05 21:16:45.092536
50,35,18,2020-11-05 21:16:45.940705,2020-11-05 21:16:45.940705
51,36,18,2020-11-05 21:16:46.727572,2020-11-05 21:16:46.727572
52,37,3,2020-11-05 21:16:47.489279,2020-11-05 21:16:47.489279
53,38,3,2020-11-05 21:16:48.266026,2020-11-05 21:16:48.266026
54,39,4,2020-11-05 21:16:48.953218,2020-11-05 21:16:48.953218
55,39,18,2020-11-05 21:16:49.035578,2020-11-05 21:16:49.035578
56,40,4,2020-11-05 21:16:49.905522,2020-11-05 21:16:49.905522
57,40,18,2020-11-05 21:16:49.985626,2020-11-05 21:16:49.985626
58,41,8,2020-11-05 21:16:50.997058,2020-11-05 21:16:50.997058
59,41,10,2020-11-05 21:16:51.100312,2020-11-05 21:16:51.100312
60,42,8,2020-11-05 21:16:51.894164,2020-11-05 21:16:51.894164
61,42,10,2020-11-05 21:16:52.001451,2020-11-05 21:16:52.001451
62,43,1,2020-11-05 21:16:52.827218,2020-11-05 21:16:52.827218
63,43,8,2020-11-05 21:16:52.915612,2020-11-05 21:16:52.915612
64,44,1,2020-11-05 21:16:53.62029,2020-11-05 21:16:53.62029
65,44,8,2020-11-05 21:16:53.72229,2020-11-05 21:16:53.72229
66,45,1,2020-11-05 21:16:54.452743,2020-11-05 21:16:54.452743
67,45,8,2020-11-05 21:16:54.569512,2020-11-05 21:16:54.569512
68,46,12,2020-11-05 21:16:55.204741,2020-11-05 21:16:55.204741
69,46,1,2020-11-05 21:16:55.28935,2020-11-05 21:16:55.28935
70,47,12,2020-11-05 21:16:56.120225,2020-11-05 21:16:56.120225
71,47,1,2020-11-05 21:16:56.203856,2020-11-05 21:16:56.203856
72,48,12,2020-11-05 21:16:57.024282,2020-11-05 21:16:57.024282
73,48,8,2020-11-05 21:16:57.119661,2020-11-05 21:16:57.119661
74,49,12,2020-11-05 21:16:57.9159,2020-11-05 21:16:57.9159
75,49,8,2020-11-05 21:16:58.001668,2020-11-05 21:16:58.001668
76,50,9,2020-11-05 21:16:58.751778,2020-11-05 21:16:58.751778
77,51,9,2020-11-05 21:16:59.526414,2020-11-05 21:16:59.526414
78,52,4,2020-11-05 21:17:00.244214,2020-11-05 21:17:00.244214
79,53,4,2020-11-05 21:17:01.066833,2020-11-05 21:17:01.066833
80,54,2,2020-11-05 21:17:01.916132,2020-11-05 21:17:01.916132
81,55,2,2020-11-05 21:17:02.716021,2020-11-05 21:17:02.716021
82,56,7,2020-11-05 21:17:03.53644,2020-11-05 21:17:03.53644
83,57,7,2020-11-05 21:17:04.300167,2020-11-05 21:17:04.300167
84,58,3,2020-11-05 21:17:05.101035,2020-11-05 21:17:05.101035
85,59,3,2020-11-05 21:17:05.852433,2020-11-05 21:17:05.852433
86,60,2,2020-11-05 21:17:06.635505,2020-11-05 21:17:06.635505
87,61,2,2020-11-05 21:17:07.49597,2020-11-05 21:17:07.49597
88,62,2,2020-11-05 21:17:08.291309,2020-11-05 21:17:08.291309
89,62,7,2020-11-05 21:17:08.381902,2020-11-05 21:17:08.381902
90,63,11,2020-11-05 21:17:09.174934,2020-11-05 21:17:09.174934
91,64,11,2020-11-05 21:17:10.047802,2020-11-05 21:17:10.047802
92,65,11,2020-11-05 21:17:10.8549,2020-11-05 21:17:10.8549
93,66,7,2020-11-05 21:17:11.516974,2020-11-05 21:17:11.516974
94,67,7,2020-11-05 21:17:12.291815,2020-11-05 21:17:12.291815
95,68,7,2020-11-05 21:17:13.054436,2020-11-05 21:17:13.054436
96,69,1,2020-11-05 21:17:13.84781,2020-11-05 21:17:13.84781
97,69,8,2020-11-05 21:17:13.926067,2020-11-05 21:17:13.926067
98,70,1,2020-11-05 21:17:14.653478,2020-11-05 21:17:14.653478
99,70,8,2020-11-05 21:17:14.73432,2020-11-05 21:17:14.73432
100,71,1,2020-11-05 21:17:15.418174,2020-11-05 21:17:15.418174
101,71,8,2020-11-05 21:17:15.500342,2020-11-05 21:17:15.500342
102,72,2,2020-11-05 21:17:16.33983,2020-11-05 21:17:16.33983
103,72,8,2020-11-05 21:17:16.423598,2020-11-05 21:17:16.423598
104,73,2,2020-11-05 21:17:17.166937,2020-11-05 21:17:17.166937
105,73,8,2020-11-05 21:17:17.251423,2020-11-05 21:17:17.251423
106,74,13,2020-11-05 21:17:18.095654,2020-11-05 21:17:18.095654
107,74,9,2020-11-05 21:17:18.180812,2020-11-05 21:17:18.180812
108,75,13,2020-11-05 21:17:19.063901,2020-11-05 21:17:19.063901
109,75,9,2020-11-05 21:17:19.153388,2020-11-05 21:17:19.153388
110,76,13,2020-11-05 21:17:19.908118,2020-11-05 21:17:19.908118
111,76,9,2020-11-05 21:17:19.994594,2020-11-05 21:17:19.994594
112,77,3,2020-11-05 21:17:20.832361,2020-11-05 21:17:20.832361
113,78,3,2020-11-05 21:17:21.637617,2020-11-05 21:17:21.637617
114,79,2,2020-11-05 21:17:22.554716,2020-11-05 21:17:22.554716
115,79,11,2020-11-05 21:17:22.635747,2020-11-05 21:17:22.635747
116,80,2,2020-11-05 21:17:23.981188,2020-11-05 21:17:23.981188
117,80,11,2020-11-05 21:17:24.063338,2020-11-05 21:17:24.063338
118,81,5,2020-11-05 21:17:24.801884,2020-11-05 21:17:24.801884
119,81,17,2020-11-05 21:17:24.881323,2020-11-05 21:17:24.881323
120,82,5,2020-11-05 21:17:25.686306,2020-11-05 21:17:25.686306
121,82,17,2020-11-05 21:17:25.768436,2020-11-05 21:17:25.768436
122,83,4,2020-11-05 21:17:26.636677,2020-11-05 21:17:26.636677
123,83,10,2020-11-05 21:17:26.720297,2020-11-05 21:17:26.720297
124,84,4,2020-11-05 21:17:27.474287,2020-11-05 21:17:27.474287
125,84,10,2020-11-05 21:17:27.570703,2020-11-05 21:17:27.570703
126,85,4,2020-11-05 21:17:28.340641,2020-11-05 21:17:28.340641
127,85,10,2020-11-05 21:17:28.419575,2020-11-05 21:17:28.419575
128,86,2,2020-11-05 21:17:29.186314,2020-11-05 21:17:29.186314
129,87,2,2020-11-05 21:17:29.945303,2020-11-05 21:17:29.945303
130,87,6,2020-11-05 21:17:30.034061,2020-11-05 21:17:30.034061
131,88,8,2020-11-05 21:17:30.826126,2020-11-05 21:17:30.826126
132,89,8,2020-11-05 21:17:31.596556,2020-11-05 21:17:31.596556
133,90,2,2020-11-05 21:17:32.562549,2020-11-05 21:17:32.562549
134,91,2,2020-11-05 21:17:33.257292,2020-11-05 21:17:33.257292
135,91,6,2020-11-05 21:17:33.302834,2020-11-05 21:17:33.302834
136,92,14,2020-11-05 21:17:33.795779,2020-11-05 21:17:33.795779
137,92,8,2020-11-05 21:17:33.844844,2020-11-05 21:17:33.844844
138,93,14,2020-11-05 21:17:34.27659,2020-11-05 21:17:34.27659
139,93,8,2020-11-05 21:17:34.325717,2020-11-05 21:17:34.325717
140,94,14,2020-11-05 21:17:34.760493,2020-11-05 21:17:34.760493
141,94,8,2020-11-05 21:17:34.804755,2020-11-05 21:17:34.804755
142,95,13,2020-11-05 21:17:35.226331,2020-11-05 21:17:35.226331
143,95,9,2020-11-05 21:17:35.27832,2020-11-05 21:17:35.27832
144,96,11,2020-11-05 21:17:35.780174,2020-11-05 21:17:35.780174
145,97,11,2020-11-05 21:17:36.32087,2020-11-05 21:17:36.32087
146,98,2,2020-11-05 21:17:37.300632,2020-11-05 21:17:37.300632
147,99,2,2020-11-05 21:17:38.206865,2020-11-05 21:17:38.206865
148,100,5,2020-11-05 21:17:38.965707,2020-11-05 21:17:38.965707
149,101,5,2020-11-05 21:17:39.820887,2020-11-05 21:17:39.820887
150,102,1,2020-11-05 21:17:40.591436,2020-11-05 21:17:40.591436
151,102,11,2020-11-05 21:17:40.714625,2020-11-05 21:17:40.714625
152,103,1,2020-11-05 21:17:42.099379,2020-11-05 21:17:42.099379
153,103,11,2020-11-05 21:17:42.174756,2020-11-05 21:17:42.174756
154,104,9,2020-11-05 21:17:42.827077,2020-11-05 21:17:42.827077
155,105,9,2020-11-05 21:17:43.803044,2020-11-05 21:17:43.803044
156,106,7,2020-11-05 21:17:44.556179,2020-11-05 21:17:44.556179
157,107,7,2020-11-05 21:17:45.321827,2020-11-05 21:17:45.321827
158,108,4,2020-11-05 21:17:46.075177,2020-11-05 21:17:46.075177
159,109,8,2020-11-05 21:17:46.850239,2020-11-05 21:17:46.850239
160,110,8,2020-11-05 21:17:47.447638,2020-11-05 21:17:47.447638
161,111,9,2020-11-05 21:17:48.091464,2020-11-05 21:17:48.091464
162,111,13,2020-11-05 21:17:48.221714,2020-11-05 21:17:48.221714
163,112,9,2020-11-05 21:17:48.97417,2020-11-05 21:17:48.97417
164,112,13,2020-11-05 21:17:49.052409,2020-11-05 21:17:49.052409
165,113,4,2020-11-05 21:17:49.8691,2020-11-05 21:17:49.8691
166,114,1,2020-11-05 21:17:50.639611,2020-11-05 21:17:50.639611
167,115,4,2020-11-05 21:17:51.449258,2020-11-05 21:17:51.449258
168,116,2,2020-11-05 21:17:52.220138,2020-11-05 21:17:52.220138
169,117,2,2020-11-05 21:17:53.038301,2020-11-05 21:17:53.038301
170,118,2,2020-11-05 21:17:53.883977,2020-11-05 21:17:53.883977
171,119,2,2020-11-05 21:17:54.638947,2020-11-05 21:17:54.638947
172,120,2,2020-11-05 21:17:55.367784,2020-11-05 21:17:55.367784
173,121,2,2020-11-05 21:17:56.188956,2020-11-05 21:17:56.188956
174,121,11,2020-11-05 21:17:56.267558,2020-11-05 21:17:56.267558
175,122,11,2020-11-05 21:17:57.045385,2020-11-05 21:17:57.045385
176,122,18,2020-11-05 21:17:57.128186,2020-11-05 21:17:57.128186
177,123,12,2020-11-05 21:17:58.018885,2020-11-05 21:17:58.018885
178,123,10,2020-11-05 21:17:58.100912,2020-11-05 21:17:58.100912
179,124,6,2020-11-05 21:17:58.901159,2020-11-05 21:17:58.901159
180,124,11,2020-11-05 21:17:58.979273,2020-11-05 21:17:58.979273
181,125,5,2020-11-05 21:17:59.755952,2020-11-05 21:17:59.755952
182,126,3,2020-11-05 21:18:00.471442,2020-11-05 21:18:00.471442
183,127,12,2020-11-05 21:18:01.530909,2020-11-05 21:18:01.530909
184,128,4,2020-11-05 21:18:02.315543,2020-11-05 21:18:02.315543
185,129,2,2020-11-05 21:18:03.151635,2020-11-05 21:18:03.151635
186,130,2,2020-11-05 21:18:03.812507,2020-11-05 21:18:03.812507
187,130,10,2020-11-05 21:18:03.886309,2020-11-05 21:18:03.886309
188,131,2,2020-11-05 21:18:04.617162,2020-11-05 21:18:04.617162
189,131,6,2020-11-05 21:18:04.711207,2020-11-05 21:18:04.711207
190,132,4,2020-11-05 21:18:05.464802,2020-11-05 21:18:05.464802
191,133,4,2020-11-05 21:18:06.205726,2020-11-05 21:18:06.205726
192,134,2,2020-11-05 21:18:07.586286,2020-11-05 21:18:07.586286
193,135,5,2020-11-05 21:18:08.305915,2020-11-05 21:18:08.305915
194,136,3,2020-11-05 21:18:08.995233,2020-11-05 21:18:08.995233
195,137,4,2020-11-05 21:18:09.754736,2020-11-05 21:18:09.754736
196,138,13,2020-11-05 21:18:10.561301,2020-11-05 21:18:10.561301
197,138,2,2020-11-05 21:18:10.670351,2020-11-05 21:18:10.670351
198,139,13,2020-11-05 21:18:11.372791,2020-11-05 21:18:11.372791
199,139,2,2020-11-05 21:18:11.45295,2020-11-05 21:18:11.45295
200,140,13,2020-11-05 21:18:12.366181,2020-11-05 21:18:12.366181
201,140,2,2020-11-05 21:18:12.482586,2020-11-05 21:18:12.482586
202,141,13,2020-11-05 21:18:13.384038,2020-11-05 21:18:13.384038
203,141,2,2020-11-05 21:18:13.513399,2020-11-05 21:18:13.513399
204,142,13,2020-11-05 21:18:14.543013,2020-11-05 21:18:14.543013
205,142,10,2020-11-05 21:18:14.627772,2020-11-05 21:18:14.627772
206,143,4,2020-11-05 21:18:15.753382,2020-11-05 21:18:15.753382
207,144,6,2020-11-05 21:18:16.572884,2020-11-05 21:18:16.572884
208,144,10,2020-11-05 21:18:16.671253,2020-11-05 21:18:16.671253
209,145,5,2020-11-05 21:18:17.376433,2020-11-05 21:18:17.376433
210,145,10,2020-11-05 21:18:17.471505,2020-11-05 21:18:17.471505
211,146,3,2020-11-05 21:18:18.255354,2020-11-05 21:18:18.255354
212,146,10,2020-11-05 21:18:18.341456,2020-11-05 21:18:18.341456
213,147,15,2020-11-05 21:18:19.09956,2020-11-05 21:18:19.09956
214,148,15,2020-11-05 21:18:19.996891,2020-11-05 21:18:19.996891
215,149,15,2020-11-05 21:18:20.719436,2020-11-05 21:18:20.719436
216,149,10,2020-11-05 21:18:20.803967,2020-11-05 21:18:20.803967
217,150,11,2020-11-05 21:18:21.493683,2020-11-05 21:18:21.493683
218,151,11,2020-11-05 21:18:22.310605,2020-11-05 21:18:22.310605
219,152,1,2020-11-05 21:18:22.970612,2020-11-05 21:18:22.970612
220,153,1,2020-11-05 21:18:23.727872,2020-11-05 21:18:23.727872
221,154,1,2020-11-05 21:18:24.468269,2020-11-05 21:18:24.468269
222,155,3,2020-11-05 21:18:24.910385,2020-11-05 21:18:24.910385
223,156,3,2020-11-05 21:18:25.627778,2020-11-05 21:18:25.627778
224,157,3,2020-11-05 21:18:26.307058,2020-11-05 21:18:26.307058
225,158,2,2020-11-05 21:18:28.072675,2020-11-05 21:18:28.072675
226,159,2,2020-11-05 21:18:28.627564,2020-11-05 21:18:28.627564
227,160,2,2020-11-05 21:18:29.311856,2020-11-05 21:18:29.311856
228,161,4,2020-11-05 21:18:29.968691,2020-11-05 21:18:29.968691
229,162,4,2020-11-05 21:18:30.698246,2020-11-05 21:18:30.698246
230,163,4,2020-11-05 21:18:31.541152,2020-11-05 21:18:31.541152
231,163,10,2020-11-05 21:18:31.650236,2020-11-05 21:18:31.650236
232,164,4,2020-11-05 21:18:32.411503,2020-11-05 21:18:32.411503
233,164,10,2020-11-05 21:18:32.502438,2020-11-05 21:18:32.502438
234,165,12,2020-11-05 21:18:33.383952,2020-11-05 21:18:33.383952
235,165,10,2020-11-05 21:18:33.467638,2020-11-05 21:18:33.467638
236,166,12,2020-11-05 21:18:34.282394,2020-11-05 21:18:34.282394
237,166,10,2020-11-05 21:18:34.353144,2020-11-05 21:18:34.353144
238,167,12,2020-11-05 21:18:35.22331,2020-11-05 21:18:35.22331
239,167,8,2020-11-05 21:18:35.282275,2020-11-05 21:18:35.282275
240,168,12,2020-11-05 21:18:36.13999,2020-11-05 21:18:36.13999
241,168,8,2020-11-05 21:18:36.218266,2020-11-05 21:18:36.218266
242,169,8,2020-11-05 21:18:37.019438,2020-11-05 21:18:37.019438
243,169,10,2020-11-05 21:18:37.108371,2020-11-05 21:18:37.108371
244,170,2,2020-11-05 21:18:37.751678,2020-11-05 21:18:37.751678
245,170,5,2020-11-05 21:18:37.83165,2020-11-05 21:18:37.83165
246,171,2,2020-11-05 21:18:38.666395,2020-11-05 21:18:38.666395
247,171,5,2020-11-05 21:18:38.716711,2020-11-05 21:18:38.716711
248,172,5,2020-11-05 21:18:39.533799,2020-11-05 21:18:39.533799
249,173,18,2020-11-05 21:18:40.356353,2020-11-05 21:18:40.356353
250,174,4,2020-11-05 21:18:41.117917,2020-11-05 21:18:41.117917
251,174,18,2020-11-05 21:18:41.234377,2020-11-05 21:18:41.234377
252,175,18,2020-11-05 21:18:42.034341,2020-11-05 21:18:42.034341
253,176,18,2020-11-05 21:18:42.766022,2020-11-05 21:18:42.766022
254,176,10,2020-11-05 21:18:42.868011,2020-11-05 21:18:42.868011
255,177,11,2020-11-05 21:18:43.576999,2020-11-05 21:18:43.576999
256,177,10,2020-11-05 21:18:43.628753,2020-11-05 21:18:43.628753
257,178,11,2020-11-05 21:18:44.508642,2020-11-05 21:18:44.508642
258,178,10,2020-11-05 21:18:44.627533,2020-11-05 21:18:44.627533
259,179,5,2020-11-05 21:18:45.578244,2020-11-05 21:18:45.578244
260,180,5,2020-11-05 21:18:46.426913,2020-11-05 21:18:46.426913
261,181,5,2020-11-05 21:18:47.153062,2020-11-05 21:18:47.153062
262,182,1,2020-11-05 21:18:47.823807,2020-11-05 21:18:47.823807
263,183,2,2020-11-05 21:18:48.49581,2020-11-05 21:18:48.49581
264,183,18,2020-11-05 21:18:48.595588,2020-11-05 21:18:48.595588
265,184,2,2020-11-05 21:18:49.354147,2020-11-05 21:18:49.354147
266,184,18,2020-11-05 21:18:49.449966,2020-11-05 21:18:49.449966
267,185,13,2020-11-05 21:18:50.274198,2020-11-05 21:18:50.274198
268,186,2,2020-11-05 21:18:51.728921,2020-11-05 21:18:51.728921
269,187,1,2020-11-05 21:18:52.568531,2020-11-05 21:18:52.568531
270,187,10,2020-11-05 21:18:52.66078,2020-11-05 21:18:52.66078
271,188,1,2020-11-05 21:18:53.513007,2020-11-05 21:18:53.513007
272,188,10,2020-11-05 21:18:53.598829,2020-11-05 21:18:53.598829
273,189,1,2020-11-05 21:18:54.470647,2020-11-05 21:18:54.470647
274,189,10,2020-11-05 21:18:54.550893,2020-11-05 21:18:54.550893
275,190,4,2020-11-05 21:18:55.393001,2020-11-05 21:18:55.393001
276,191,1,2020-11-05 21:18:56.263169,2020-11-05 21:18:56.263169
277,192,1,2020-11-05 21:18:57.031146,2020-11-05 21:18:57.031146
278,193,12,2020-11-05 21:18:57.846528,2020-11-05 21:18:57.846528
279,193,10,2020-11-05 21:18:57.928474,2020-11-05 21:18:57.928474
280,194,2,2020-11-05 21:18:58.726896,2020-11-05 21:18:58.726896
281,194,9,2020-11-05 21:18:58.815338,2020-11-05 21:18:58.815338
282,195,2,2020-11-05 21:18:59.564103,2020-11-05 21:18:59.564103
283,195,9,2020-11-05 21:18:59.645213,2020-11-05 21:18:59.645213
284,196,11,2020-11-05 21:19:00.595558,2020-11-05 21:19:00.595558
285,197,16,2020-11-05 21:19:01.374138,2020-11-05 21:19:01.374138
286,198,16,2020-11-05 21:19:02.151856,2020-11-05 21:19:02.151856
287,198,10,2020-11-05 21:19:02.233179,2020-11-05 21:19:02.233179
288,199,2,2020-11-05 21:19:03.077836,2020-11-05 21:19:03.077836
289,199,11,2020-11-05 21:19:03.162955,2020-11-05 21:19:03.162955
290,200,14,2020-11-05 21:19:03.968128,2020-11-05 21:19:03.968128
291,201,11,2020-11-05 21:19:04.566596,2020-11-05 21:19:04.566596
292,202,11,2020-11-05 21:19:05.341476,2020-11-05 21:19:05.341476
293,203,4,2020-11-05 21:19:06.183238,2020-11-05 21:19:06.183238
294,203,11,2020-11-05 21:19:06.260405,2020-11-05 21:19:06.260405
295,204,12,2020-11-05 21:19:07.092073,2020-11-05 21:19:07.092073
296,205,12,2020-11-05 21:19:07.851901,2020-11-05 21:19:07.851901
297,205,17,2020-11-05 21:19:07.939524,2020-11-05 21:19:07.939524
298,206,4,2020-11-05 21:19:08.629896,2020-11-05 21:19:08.629896
299,207,9,2020-11-05 21:19:09.445794,2020-11-05 21:19:09.445794
300,207,10,2020-11-05 21:19:09.530019,2020-11-05 21:19:09.530019
301,208,17,2020-11-05 21:19:10.430943,2020-11-05 21:19:10.430943
302,208,9,2020-11-05 21:19:10.523403,2020-11-05 21:19:10.523403
303,209,18,2020-11-05 21:19:11.419646,2020-11-05 21:19:11.419646
304,210,18,2020-11-05 21:19:12.285829,2020-11-05 21:19:12.285829
305,211,2,2020-11-05 21:19:13.145842,2020-11-05 21:19:13.145842
306,211,8,2020-11-05 21:19:13.223122,2020-11-05 21:19:13.223122
307,212,12,2020-11-05 21:19:14.056177,2020-11-05 21:19:14.056177
308,212,17,2020-11-05 21:19:14.128469,2020-11-05 21:19:14.128469
309,213,12,2020-11-05 21:19:15.189607,2020-11-05 21:19:15.189607
310,213,13,2020-11-05 21:19:15.270008,2020-11-05 21:19:15.270008
311,214,12,2020-11-05 21:19:16.240529,2020-11-05 21:19:16.240529
312,214,7,2020-11-05 21:19:16.374848,2020-11-05 21:19:16.374848
313,215,16,2020-11-05 21:19:17.19215,2020-11-05 21:19:17.19215
314,215,6,2020-11-05 21:19:17.275786,2020-11-05 21:19:17.275786
315,216,4,2020-11-05 21:19:18.079744,2020-11-05 21:19:18.079744
316,217,4,2020-11-05 21:19:19.100729,2020-11-05 21:19:19.100729
317,218,3,2020-11-05 21:19:19.843817,2020-11-05 21:19:19.843817
318,219,3,2020-11-05 21:19:20.81628,2020-11-05 21:19:20.81628
319,219,13,2020-11-05 21:19:20.896384,2020-11-05 21:19:20.896384
320,220,6,2020-11-05 21:19:21.69251,2020-11-05 21:19:21.69251
321,220,9,2020-11-05 21:19:21.779866,2020-11-05 21:19:21.779866
322,221,6,2020-11-05 21:19:22.388941,2020-11-05 21:19:22.388941
323,221,9,2020-11-05 21:19:22.447617,2020-11-05 21:19:22.447617
324,222,2,2020-11-05 21:19:23.078703,2020-11-05 21:19:23.078703
325,222,13,2020-11-05 21:19:23.164512,2020-11-05 21:19:23.164512
326,223,2,2020-11-05 21:19:23.820951,2020-11-05 21:19:23.820951
327,224,2,2020-11-05 21:19:24.568136,2020-11-05 21:19:24.568136
328,225,6,2020-11-05 21:19:25.369763,2020-11-05 21:19:25.369763
329,225,10,2020-11-05 21:19:25.456528,2020-11-05 21:19:25.456528
330,226,2,2020-11-05 21:19:26.349314,2020-11-05 21:19:26.349314
331,226,10,2020-11-05 21:19:26.43193,2020-11-05 21:19:26.43193
332,227,17,2020-11-05 21:19:27.196771,2020-11-05 21:19:27.196771
333,227,10,2020-11-05 21:19:27.28385,2020-11-05 21:19:27.28385
334,228,16,2020-11-05 21:19:28.050955,2020-11-05 21:19:28.050955
335,228,3,2020-11-05 21:19:28.130091,2020-11-05 21:19:28.130091
336,229,16,2020-11-05 21:19:29.02422,2020-11-05 21:19:29.02422
337,229,3,2020-11-05 21:19:29.113623,2020-11-05 21:19:29.113623
338,230,2,2020-11-05 21:19:29.867436,2020-11-05 21:19:29.867436
339,230,15,2020-11-05 21:19:29.946439,2020-11-05 21:19:29.946439
340,231,9,2020-11-05 21:19:30.724677,2020-11-05 21:19:30.724677
341,232,9,2020-11-05 21:19:31.431405,2020-11-05 21:19:31.431405
342,233,4,2020-11-05 21:19:32.149055,2020-11-05 21:19:32.149055
343,234,4,2020-11-05 21:19:33.045932,2020-11-05 21:19:33.045932
344,235,4,2020-11-05 21:19:33.791412,2020-11-05 21:19:33.791412
345,236,7,2020-11-05 21:19:34.463557,2020-11-05 21:19:34.463557
346,237,7,2020-11-05 21:19:35.100356,2020-11-05 21:19:35.100356
347,238,6,2020-11-05 21:19:35.922772,2020-11-05 21:19:35.922772
348,238,11,2020-11-05 21:19:35.997557,2020-11-05 21:19:35.997557
349,239,5,2020-11-05 21:19:36.78368,2020-11-05 21:19:36.78368
350,240,3,2020-11-05 21:19:37.581837,2020-11-05 21:19:37.581837
351,241,4,2020-11-05 21:19:38.301875,2020-11-05 21:19:38.301875
352,242,4,2020-11-05 21:19:39.11746,2020-11-05 21:19:39.11746
353,243,5,2020-11-05 21:19:39.922362,2020-11-05 21:19:39.922362
354,244,3,2020-11-05 21:19:40.755123,2020-11-05 21:19:40.755123
355,245,2,2020-11-05 21:19:41.482108,2020-11-05 21:19:41.482108
356,246,13,2020-11-05 21:19:42.183532,2020-11-05 21:19:42.183532
357,246,9,2020-11-05 21:19:42.262157,2020-11-05 21:19:42.262157
358,247,13,2020-11-05 21:19:42.975571,2020-11-05 21:19:42.975571
359,247,9,2020-11-05 21:19:43.062302,2020-11-05 21:19:43.062302
360,248,13,2020-11-05 21:19:43.703174,2020-11-05 21:19:43.703174
361,248,16,2020-11-05 21:19:43.79352,2020-11-05 21:19:43.79352
362,249,11,2020-11-05 21:19:44.482369,2020-11-05 21:19:44.482369
363,249,10,2020-11-05 21:19:44.563584,2020-11-05 21:19:44.563584
364,250,3,2020-11-05 21:19:45.574316,2020-11-05 21:19:45.574316
365,250,10,2020-11-05 21:19:45.66381,2020-11-05 21:19:45.66381
366,251,11,2020-11-05 21:19:46.634335,2020-11-05 21:19:46.634335
367,251,1,2020-11-05 21:19:46.725294,2020-11-05 21:19:46.725294
368,252,1,2020-11-05 21:19:47.540072,2020-11-05 21:19:47.540072
369,253,1,2020-11-05 21:19:48.163654,2020-11-05 21:19:48.163654
370,254,1,2020-11-05 21:19:49.674071,2020-11-05 21:19:49.674071
371,255,3,2020-11-05 21:19:50.363821,2020-11-05 21:19:50.363821
372,256,3,2020-11-05 21:19:51.039157,2020-11-05 21:19:51.039157
373,256,7,2020-11-05 21:19:51.130327,2020-11-05 21:19:51.130327
374,257,3,2020-11-05 21:19:51.887451,2020-11-05 21:19:51.887451
375,257,7,2020-11-05 21:19:51.976043,2020-11-05 21:19:51.976043
376,258,2,2020-11-05 21:19:52.69446,2020-11-05 21:19:52.69446
377,259,2,2020-11-05 21:19:53.336654,2020-11-05 21:19:53.336654
378,259,9,2020-11-05 21:19:53.445691,2020-11-05 21:19:53.445691
379,260,2,2020-11-05 21:19:54.142725,2020-11-05 21:19:54.142725
380,260,9,2020-11-05 21:19:54.222126,2020-11-05 21:19:54.222126
381,261,16,2020-11-05 21:19:54.899835,2020-11-05 21:19:54.899835
382,262,16,2020-11-05 21:19:55.616577,2020-11-05 21:19:55.616577
383,263,4,2020-11-05 21:19:57.454502,2020-11-05 21:19:57.454502
384,264,4,2020-11-05 21:19:58.279955,2020-11-05 21:19:58.279955
385,265,12,2020-11-05 21:19:59.623813,2020-11-05 21:19:59.623813
386,266,12,2020-11-05 21:20:00.253071,2020-11-05 21:20:00.253071
387,267,12,2020-11-05 21:20:00.848133,2020-11-05 21:20:00.848133
388,267,10,2020-11-05 21:20:00.938143,2020-11-05 21:20:00.938143
389,268,12,2020-11-05 21:20:01.565569,2020-11-05 21:20:01.565569
390,269,12,2020-11-05 21:20:02.427728,2020-11-05 21:20:02.427728
391,269,8,2020-11-05 21:20:02.513516,2020-11-05 21:20:02.513516
392,270,2,2020-11-05 21:20:03.232146,2020-11-05 21:20:03.232146
393,270,1,2020-11-05 21:20:03.311343,2020-11-05 21:20:03.311343
394,271,2,2020-11-05 21:20:04.708014,2020-11-05 21:20:04.708014
395,271,1,2020-11-05 21:20:04.782174,2020-11-05 21:20:04.782174
396,272,2,2020-11-05 21:20:06.483968,2020-11-05 21:20:06.483968
397,272,1,2020-11-05 21:20:06.665402,2020-11-05 21:20:06.665402
398,273,1,2020-11-05 21:20:07.46505,2020-11-05 21:20:07.46505
399,274,1,2020-11-05 21:20:08.227089,2020-11-05 21:20:08.227089
400,274,16,2020-11-05 21:20:08.307108,2020-11-05 21:20:08.307108
401,275,1,2020-11-05 21:20:09.044469,2020-11-05 21:20:09.044469
402,275,16,2020-11-05 21:20:09.131582,2020-11-05 21:20:09.131582
403,276,4,2020-11-05 21:20:09.87632,2020-11-05 21:20:09.87632
404,276,10,2020-11-05 21:20:09.955108,2020-11-05 21:20:09.955108
405,277,4,2020-11-05 21:20:10.662435,2020-11-05 21:20:10.662435
406,277,10,2020-11-05 21:20:10.744155,2020-11-05 21:20:10.744155
407,278,2,2020-11-05 21:20:11.46355,2020-11-05 21:20:11.46355
408,278,10,2020-11-05 21:20:11.551148,2020-11-05 21:20:11.551148
409,279,2,2020-11-05 21:20:12.381367,2020-11-05 21:20:12.381367
410,279,10,2020-11-05 21:20:12.467855,2020-11-05 21:20:12.467855
411,280,11,2020-11-05 21:20:13.379847,2020-11-05 21:20:13.379847
412,280,18,2020-11-05 21:20:13.531382,2020-11-05 21:20:13.531382
413,281,11,2020-11-05 21:20:14.364787,2020-11-05 21:20:14.364787
414,281,18,2020-11-05 21:20:14.449607,2020-11-05 21:20:14.449607
415,282,11,2020-11-05 21:20:15.25703,2020-11-05 21:20:15.25703
416,282,18,2020-11-05 21:20:15.341357,2020-11-05 21:20:15.341357
417,283,12,2020-11-05 21:20:16.108504,2020-11-05 21:20:16.108504
418,283,2,2020-11-05 21:20:16.186204,2020-11-05 21:20:16.186204
419,284,12,2020-11-05 21:20:16.848579,2020-11-05 21:20:16.848579
420,284,10,2020-11-05 21:20:16.960781,2020-11-05 21:20:16.960781
421,285,1,2020-11-05 21:20:17.76712,2020-11-05 21:20:17.76712
422,286,1,2020-11-05 21:20:18.642208,2020-11-05 21:20:18.642208
423,286,7,2020-11-05 21:20:18.722197,2020-11-05 21:20:18.722197
424,287,4,2020-11-05 21:20:19.491959,2020-11-05 21:20:19.491959
425,288,4,2020-11-05 21:20:20.130012,2020-11-05 21:20:20.130012
426,289,4,2020-11-05 21:20:20.730208,2020-11-05 21:20:20.730208
427,290,12,2020-11-05 21:20:21.315204,2020-11-05 21:20:21.315204
428,290,9,2020-11-05 21:20:21.401472,2020-11-05 21:20:21.401472
429,291,12,2020-11-05 21:20:22.238211,2020-11-05 21:20:22.238211
430,291,10,2020-11-05 21:20:22.374536,2020-11-05 21:20:22.374536
431,292,12,2020-11-05 21:20:23.057104,2020-11-05 21:20:23.057104
432,292,14,2020-11-05 21:20:23.154962,2020-11-05 21:20:23.154962
433,293,4,2020-11-05 21:20:23.7874,2020-11-05 21:20:23.7874
434,294,4,2020-11-05 21:20:25.263448,2020-11-05 21:20:25.263448
435,295,4,2020-11-05 21:20:25.863113,2020-11-05 21:20:25.863113
436,296,7,2020-11-05 21:20:26.501496,2020-11-05 21:20:26.501496
437,297,7,2020-11-05 21:20:27.289317,2020-11-05 21:20:27.289317
438,298,4,2020-11-05 21:20:28.081613,2020-11-05 21:20:28.081613
439,298,18,2020-11-05 21:20:28.168327,2020-11-05 21:20:28.168327
440,299,13,2020-11-05 21:20:28.897282,2020-11-05 21:20:28.897282
441,300,4,2020-11-05 21:20:29.721223,2020-11-05 21:20:29.721223
442,301,4,2020-11-05 21:20:30.580183,2020-11-05 21:20:30.580183
443,302,16,2020-11-05 21:20:31.370002,2020-11-05 21:20:31.370002
444,302,14,2020-11-05 21:20:31.458448,2020-11-05 21:20:31.458448
445,303,17,2020-11-05 21:20:32.553898,2020-11-05 21:20:32.553898
446,303,18,2020-11-05 21:20:32.635122,2020-11-05 21:20:32.635122
447,304,17,2020-11-05 21:20:33.376728,2020-11-05 21:20:33.376728
448,304,13,2020-11-05 21:20:33.481155,2020-11-05 21:20:33.481155
449,305,17,2020-11-05 21:20:34.36926,2020-11-05 21:20:34.36926
450,305,13,2020-11-05 21:20:34.442023,2020-11-05 21:20:34.442023
451,306,17,2020-11-05 21:20:35.014686,2020-11-05 21:20:35.014686
452,306,13,2020-11-05 21:20:35.07679,2020-11-05 21:20:35.07679
453,307,7,2020-11-05 21:20:36.612368,2020-11-05 21:20:36.612368
454,307,11,2020-11-05 21:20:36.697445,2020-11-05 21:20:36.697445
455,308,7,2020-11-05 21:20:38.397438,2020-11-05 21:20:38.397438
456,308,11,2020-11-05 21:20:38.484356,2020-11-05 21:20:38.484356
457,309,5,2020-11-05 21:20:39.505517,2020-11-05 21:20:39.505517
458,310,5,2020-11-05 21:20:40.346346,2020-11-05 21:20:40.346346
459,311,5,2020-11-05 21:20:41.128684,2020-11-05 21:20:41.128684
460,312,5,2020-11-05 21:20:41.784688,2020-11-05 21:20:41.784688
461,313,12,2020-11-05 21:20:42.52315,2020-11-05 21:20:42.52315
462,314,12,2020-11-05 21:20:43.297509,2020-11-05 21:20:43.297509
463,315,1,2020-11-05 21:20:44.094936,2020-11-05 21:20:44.094936
464,315,8,2020-11-05 21:20:44.17283,2020-11-05 21:20:44.17283
465,316,8,2020-11-05 21:20:44.970669,2020-11-05 21:20:44.970669
466,317,8,2020-11-05 21:20:46.366598,2020-11-05 21:20:46.366598
467,318,2,2020-11-05 21:20:47.014411,2020-11-05 21:20:47.014411
468,318,16,2020-11-05 21:20:47.093118,2020-11-05 21:20:47.093118
469,319,2,2020-11-05 21:20:47.811574,2020-11-05 21:20:47.811574
470,319,16,2020-11-05 21:20:47.907351,2020-11-05 21:20:47.907351
471,320,2,2020-11-05 21:20:50.877081,2020-11-05 21:20:50.877081
472,321,2,2020-11-05 21:20:52.494893,2020-11-05 21:20:52.494893
473,322,3,2020-11-05 21:20:53.137137,2020-11-05 21:20:53.137137
474,322,9,2020-11-05 21:20:53.258923,2020-11-05 21:20:53.258923
475,323,3,2020-11-05 21:20:54.054856,2020-11-05 21:20:54.054856
476,323,9,2020-11-05 21:20:54.168038,2020-11-05 21:20:54.168038
477,324,3,2020-11-05 21:20:55.663344,2020-11-05 21:20:55.663344
478,325,11,2020-11-05 21:20:56.424755,2020-11-05 21:20:56.424755
479,326,11,2020-11-05 21:20:57.235173,2020-11-05 21:20:57.235173
480,327,4,2020-11-05 21:20:58.060226,2020-11-05 21:20:58.060226
481,328,9,2020-11-05 21:20:58.892258,2020-11-05 21:20:58.892258
482,329,9,2020-11-05 21:20:59.640628,2020-11-05 21:20:59.640628
483,329,15,2020-11-05 21:20:59.71549,2020-11-05 21:20:59.71549
484,330,9,2020-11-05 21:21:00.326501,2020-11-05 21:21:00.326501
485,330,15,2020-11-05 21:21:00.413073,2020-11-05 21:21:00.413073
486,331,1,2020-11-05 21:21:01.926247,2020-11-05 21:21:01.926247
487,332,1,2020-11-05 21:21:02.634557,2020-11-05 21:21:02.634557
488,332,16,2020-11-05 21:21:02.730565,2020-11-05 21:21:02.730565
489,333,4,2020-11-05 21:21:03.458086,2020-11-05 21:21:03.458086
490,333,10,2020-11-05 21:21:03.552138,2020-11-05 21:21:03.552138
491,334,15,2020-11-05 21:21:05.170146,2020-11-05 21:21:05.170146
492,334,10,2020-11-05 21:21:05.227804,2020-11-05 21:21:05.227804
493,335,4,2020-11-05 21:21:05.938424,2020-11-05 21:21:05.938424
494,336,8,2020-11-05 21:21:06.594143,2020-11-05 21:21:06.594143
495,337,13,2020-11-05 21:21:07.372768,2020-11-05 21:21:07.372768
496,337,11,2020-11-05 21:21:07.45722,2020-11-05 21:21:07.45722
497,338,13,2020-11-05 21:21:08.081343,2020-11-05 21:21:08.081343
498,338,11,2020-11-05 21:21:08.191603,2020-11-05 21:21:08.191603
499,339,2,2020-11-05 21:21:08.742697,2020-11-05 21:21:08.742697
500,339,9,2020-11-05 21:21:08.82522,2020-11-05 21:21:08.82522
501,340,2,2020-11-05 21:21:09.576157,2020-11-05 21:21:09.576157
502,340,9,2020-11-05 21:21:09.673707,2020-11-05 21:21:09.673707
503,341,2,2020-11-05 21:21:10.538862,2020-11-05 21:21:10.538862
504,342,2,2020-11-05 21:21:11.874167,2020-11-05 21:21:11.874167
505,342,16,2020-11-05 21:21:11.944787,2020-11-05 21:21:11.944787
506,343,9,2020-11-05 21:21:13.391649,2020-11-05 21:21:13.391649
507,343,11,2020-11-05 21:21:13.492049,2020-11-05 21:21:13.492049
508,344,9,2020-11-05 21:21:14.090893,2020-11-05 21:21:14.090893
509,344,11,2020-11-05 21:21:14.179963,2020-11-05 21:21:14.179963
510,345,13,2020-11-05 21:21:15.393234,2020-11-05 21:21:15.393234
511,345,1,2020-11-05 21:21:15.477472,2020-11-05 21:21:15.477472
512,346,13,2020-11-05 21:21:16.136859,2020-11-05 21:21:16.136859
513,346,1,2020-11-05 21:21:16.256506,2020-11-05 21:21:16.256506
514,347,13,2020-11-05 21:21:16.898829,2020-11-05 21:21:16.898829
515,347,12,2020-11-05 21:21:16.978481,2020-11-05 21:21:16.978481
516,348,13,2020-11-05 21:21:17.74512,2020-11-05 21:21:17.74512
517,348,12,2020-11-05 21:21:17.838111,2020-11-05 21:21:17.838111
518,349,2,2020-11-05 21:21:18.73453,2020-11-05 21:21:18.73453
519,350,2,2020-11-05 21:21:20.236394,2020-11-05 21:21:20.236394
520,351,4,2020-11-05 21:21:21.035573,2020-11-05 21:21:21.035573
521,352,4,2020-11-05 21:21:21.633152,2020-11-05 21:21:21.633152
522,353,14,2020-11-05 21:21:22.946249,2020-11-05 21:21:22.946249
523,354,14,2020-11-05 21:21:23.697173,2020-11-05 21:21:23.697173
524,355,14,2020-11-05 21:21:25.329045,2020-11-05 21:21:25.329045
525,356,14,2020-11-05 21:21:26.611297,2020-11-05 21:21:26.611297
526,357,1,2020-11-05 21:21:27.342042,2020-11-05 21:21:27.342042
527,357,10,2020-11-05 21:21:27.568733,2020-11-05 21:21:27.568733
528,358,11,2020-11-05 21:21:28.540018,2020-11-05 21:21:28.540018
529,359,16,2020-11-05 21:21:29.334948,2020-11-05 21:21:29.334948
530,360,11,2020-11-05 21:21:30.574571,2020-11-05 21:21:30.574571
531,361,6,2020-11-05 21:21:32.176973,2020-11-05 21:21:32.176973
532,362,6,2020-11-05 21:21:33.041909,2020-11-05 21:21:33.041909
533,363,6,2020-11-05 21:21:34.551912,2020-11-05 21:21:34.551912
534,363,2,2020-11-05 21:21:34.704681,2020-11-05 21:21:34.704681
535,364,6,2020-11-05 21:21:36.187106,2020-11-05 21:21:36.187106
536,364,2,2020-11-05 21:21:36.255016,2020-11-05 21:21:36.255016
537,365,6,2020-11-05 21:21:37.03229,2020-11-05 21:21:37.03229
538,365,2,2020-11-05 21:21:37.137994,2020-11-05 21:21:37.137994
539,366,2,2020-11-05 21:21:38.190027,2020-11-05 21:21:38.190027
540,367,2,2020-11-05 21:21:38.872343,2020-11-05 21:21:38.872343
541,368,2,2020-11-05 21:21:40.183481,2020-11-05 21:21:40.183481
542,369,2,2020-11-05 21:21:40.87232,2020-11-05 21:21:40.87232
543,369,13,2020-11-05 21:21:40.952922,2020-11-05 21:21:40.952922
544,370,2,2020-11-05 21:21:42.692194,2020-11-05 21:21:42.692194
545,371,15,2020-11-05 21:21:43.361993,2020-11-05 21:21:43.361993
546,372,15,2020-11-05 21:21:44.02996,2020-11-05 21:21:44.02996
547,373,15,2020-11-05 21:21:45.419532,2020-11-05 21:21:45.419532
548,373,10,2020-11-05 21:21:45.502107,2020-11-05 21:21:45.502107
549,374,17,2020-11-05 21:21:46.270914,2020-11-05 21:21:46.270914
550,374,11,2020-11-05 21:21:46.351028,2020-11-05 21:21:46.351028
551,375,17,2020-11-05 21:21:47.05534,2020-11-05 21:21:47.05534
552,375,11,2020-11-05 21:21:47.142042,2020-11-05 21:21:47.142042
553,376,17,2020-11-05 21:21:48.541161,2020-11-05 21:21:48.541161
554,376,11,2020-11-05 21:21:48.619547,2020-11-05 21:21:48.619547
555,377,13,2020-11-05 21:21:50.347623,2020-11-05 21:21:50.347623
556,378,6,2020-11-05 21:21:50.94151,2020-11-05 21:21:50.94151
557,379,17,2020-11-05 21:21:51.699327,2020-11-05 21:21:51.699327
558,380,15,2020-11-05 21:21:52.37636,2020-11-05 21:21:52.37636
559,380,11,2020-11-05 21:21:52.462227,2020-11-05 21:21:52.462227
560,381,15,2020-11-05 21:21:53.06084,2020-11-05 21:21:53.06084
561,381,11,2020-11-05 21:21:53.220548,2020-11-05 21:21:53.220548
562,382,2,2020-11-05 21:21:54.087713,2020-11-05 21:21:54.087713
563,383,9,2020-11-05 21:21:54.767849,2020-11-05 21:21:54.767849
564,384,15,2020-11-05 21:21:55.37032,2020-11-05 21:21:55.37032
565,384,10,2020-11-05 21:21:55.477608,2020-11-05 21:21:55.477608
566,385,17,2020-11-05 21:21:56.73559,2020-11-05 21:21:56.73559
567,385,11,2020-11-05 21:21:56.872462,2020-11-05 21:21:56.872462
568,386,11,2020-11-05 21:21:58.448278,2020-11-05 21:21:58.448278
569,387,1,2020-11-05 21:21:59.048701,2020-11-05 21:21:59.048701
570,388,1,2020-11-05 21:21:59.756677,2020-11-05 21:21:59.756677
571,389,1,2020-11-05 21:22:00.400812,2020-11-05 21:22:00.400812
572,389,9,2020-11-05 21:22:00.483372,2020-11-05 21:22:00.483372
573,390,3,2020-11-05 21:22:01.461305,2020-11-05 21:22:01.461305
574,391,3,2020-11-05 21:22:02.133341,2020-11-05 21:22:02.133341
575,391,7,2020-11-05 21:22:02.21673,2020-11-05 21:22:02.21673
576,392,3,2020-11-05 21:22:02.975523,2020-11-05 21:22:02.975523
577,392,7,2020-11-05 21:22:03.060208,2020-11-05 21:22:03.060208
578,393,2,2020-11-05 21:22:03.902348,2020-11-05 21:22:03.902348
579,394,2,2020-11-05 21:22:04.650833,2020-11-05 21:22:04.650833
580,395,2,2020-11-05 21:22:05.378385,2020-11-05 21:22:05.378385
581,395,17,2020-11-05 21:22:05.461406,2020-11-05 21:22:05.461406
582,396,4,2020-11-05 21:22:06.108605,2020-11-05 21:22:06.108605
583,396,10,2020-11-05 21:22:06.19264,2020-11-05 21:22:06.19264
584,397,4,2020-11-05 21:22:06.895563,2020-11-05 21:22:06.895563
585,397,10,2020-11-05 21:22:06.970809,2020-11-05 21:22:06.970809
586,398,4,2020-11-05 21:22:07.653812,2020-11-05 21:22:07.653812
587,398,10,2020-11-05 21:22:07.738512,2020-11-05 21:22:07.738512
588,399,4,2020-11-05 21:22:08.48535,2020-11-05 21:22:08.48535
589,400,4,2020-11-05 21:22:09.376728,2020-11-05 21:22:09.376728
590,400,2,2020-11-05 21:22:09.485929,2020-11-05 21:22:09.485929
591,401,12,2020-11-05 21:22:10.207301,2020-11-05 21:22:10.207301
592,402,12,2020-11-05 21:22:10.971428,2020-11-05 21:22:10.971428
593,403,5,2020-11-05 21:22:12.188242,2020-11-05 21:22:12.188242
594,404,5,2020-11-05 21:22:12.85475,2020-11-05 21:22:12.85475
595,405,5,2020-11-05 21:22:13.286067,2020-11-05 21:22:13.286067
596,406,1,2020-11-05 21:22:13.889067,2020-11-05 21:22:13.889067
597,406,8,2020-11-05 21:22:13.983787,2020-11-05 21:22:13.983787
598,407,1,2020-11-05 21:22:14.808503,2020-11-05 21:22:14.808503
599,407,8,2020-11-05 21:22:14.924372,2020-11-05 21:22:14.924372
600,408,13,2020-11-05 21:22:15.668658,2020-11-05 21:22:15.668658
601,409,13,2020-11-05 21:22:16.369383,2020-11-05 21:22:16.369383
602,410,13,2020-11-05 21:22:17.026141,2020-11-05 21:22:17.026141
603,410,17,2020-11-05 21:22:17.110582,2020-11-05 21:22:17.110582
604,411,13,2020-11-05 21:22:17.808054,2020-11-05 21:22:17.808054
605,411,17,2020-11-05 21:22:17.880966,2020-11-05 21:22:17.880966
606,412,12,2020-11-05 21:22:18.603724,2020-11-05 21:22:18.603724
607,413,12,2020-11-05 21:22:19.437388,2020-11-05 21:22:19.437388
608,413,1,2020-11-05 21:22:19.529576,2020-11-05 21:22:19.529576
609,414,12,2020-11-05 21:22:20.175796,2020-11-05 21:22:20.175796
610,414,10,2020-11-05 21:22:20.300127,2020-11-05 21:22:20.300127
611,415,12,2020-11-05 21:22:20.938432,2020-11-05 21:22:20.938432
612,415,10,2020-11-05 21:22:21.025302,2020-11-05 21:22:21.025302
613,416,12,2020-11-05 21:22:21.755755,2020-11-05 21:22:21.755755
614,416,10,2020-11-05 21:22:21.837355,2020-11-05 21:22:21.837355
615,417,5,2020-11-05 21:22:23.072873,2020-11-05 21:22:23.072873
616,418,2,2020-11-05 21:22:23.880736,2020-11-05 21:22:23.880736
617,419,2,2020-11-05 21:22:24.591431,2020-11-05 21:22:24.591431
618,420,1,2020-11-05 21:22:25.249378,2020-11-05 21:22:25.249378
619,421,1,2020-11-05 21:22:25.846581,2020-11-05 21:22:25.846581
620,422,2,2020-11-05 21:22:26.452839,2020-11-05 21:22:26.452839
621,423,2,2020-11-05 21:22:27.209271,2020-11-05 21:22:27.209271
622,423,9,2020-11-05 21:22:27.302193,2020-11-05 21:22:27.302193
623,424,4,2020-11-05 21:22:28.749105,2020-11-05 21:22:28.749105
624,425,14,2020-11-05 21:22:29.486745,2020-11-05 21:22:29.486745
625,425,10,2020-11-05 21:22:29.602977,2020-11-05 21:22:29.602977
626,426,14,2020-11-05 21:22:30.371662,2020-11-05 21:22:30.371662
627,426,10,2020-11-05 21:22:30.46089,2020-11-05 21:22:30.46089
628,427,4,2020-11-05 21:22:32.140833,2020-11-05 21:22:32.140833
629,428,4,2020-11-05 21:22:32.866064,2020-11-05 21:22:32.866064
630,429,14,2020-11-05 21:22:33.80098,2020-11-05 21:22:33.80098
631,430,16,2020-11-05 21:22:34.425875,2020-11-05 21:22:34.425875
632,430,10,2020-11-05 21:22:34.490112,2020-11-05 21:22:34.490112
633,431,4,2020-11-05 21:22:35.03408,2020-11-05 21:22:35.03408
634,432,4,2020-11-05 21:22:35.846116,2020-11-05 21:22:35.846116
635,433,11,2020-11-05 21:22:36.60336,2020-11-05 21:22:36.60336
636,434,8,2020-11-05 21:22:37.273504,2020-11-05 21:22:37.273504
637,434,16,2020-11-05 21:22:37.35222,2020-11-05 21:22:37.35222
638,435,8,2020-11-05 21:22:38.139319,2020-11-05 21:22:38.139319
639,435,16,2020-11-05 21:22:38.226238,2020-11-05 21:22:38.226238
640,436,17,2020-11-05 21:22:39.053797,2020-11-05 21:22:39.053797
641,436,11,2020-11-05 21:22:39.134835,2020-11-05 21:22:39.134835
642,437,17,2020-11-05 21:22:40.799439,2020-11-05 21:22:40.799439
643,437,11,2020-11-05 21:22:40.889441,2020-11-05 21:22:40.889441
644,438,13,2020-11-05 21:22:41.669301,2020-11-05 21:22:41.669301
645,439,11,2020-11-05 21:22:43.078162,2020-11-05 21:22:43.078162
646,439,18,2020-11-05 21:22:43.16258,2020-11-05 21:22:43.16258
647,440,4,2020-11-05 21:22:43.941479,2020-11-05 21:22:43.941479
648,441,4,2020-11-05 21:22:44.976841,2020-11-05 21:22:44.976841
649,441,10,2020-11-05 21:22:45.089531,2020-11-05 21:22:45.089531
650,442,14,2020-11-05 21:22:45.863355,2020-11-05 21:22:45.863355
651,442,16,2020-11-05 21:22:45.957544,2020-11-05 21:22:45.957544
652,443,15,2020-11-05 21:22:46.649667,2020-11-05 21:22:46.649667
653,443,9,2020-11-05 21:22:46.767396,2020-11-05 21:22:46.767396
654,444,15,2020-11-05 21:22:47.504191,2020-11-05 21:22:47.504191
655,444,9,2020-11-05 21:22:47.612294,2020-11-05 21:22:47.612294
656,445,15,2020-11-05 21:22:48.276347,2020-11-05 21:22:48.276347
657,445,9,2020-11-05 21:22:48.358004,2020-11-05 21:22:48.358004
658,446,4,2020-11-05 21:22:49.127505,2020-11-05 21:22:49.127505
659,447,7,2020-11-05 21:22:49.892638,2020-11-05 21:22:49.892638
660,448,7,2020-11-05 21:22:50.704463,2020-11-05 21:22:50.704463
661,448,17,2020-11-05 21:22:50.758139,2020-11-05 21:22:50.758139
662,449,9,2020-11-05 21:22:51.445842,2020-11-05 21:22:51.445842
663,450,9,2020-11-05 21:22:52.007722,2020-11-05 21:22:52.007722
664,451,8,2020-11-05 21:22:53.692793,2020-11-05 21:22:53.692793
665,451,12,2020-11-05 21:22:53.773499,2020-11-05 21:22:53.773499
666,452,8,2020-11-05 21:22:54.668087,2020-11-05 21:22:54.668087
667,452,16,2020-11-05 21:22:54.771641,2020-11-05 21:22:54.771641
668,453,8,2020-11-05 21:22:55.463067,2020-11-05 21:22:55.463067
669,453,7,2020-11-05 21:22:55.578211,2020-11-05 21:22:55.578211
670,454,8,2020-11-05 21:22:56.35775,2020-11-05 21:22:56.35775
671,454,7,2020-11-05 21:22:56.439987,2020-11-05 21:22:56.439987
672,455,1,2020-11-05 21:22:57.934763,2020-11-05 21:22:57.934763
673,456,2,2020-11-05 21:22:58.514735,2020-11-05 21:22:58.514735
674,457,2,2020-11-05 21:22:59.314784,2020-11-05 21:22:59.314784
675,458,2,2020-11-05 21:23:00.108425,2020-11-05 21:23:00.108425
676,458,10,2020-11-05 21:23:00.182035,2020-11-05 21:23:00.182035
677,459,1,2020-11-05 21:23:01.692569,2020-11-05 21:23:01.692569
678,459,6,2020-11-05 21:23:01.771437,2020-11-05 21:23:01.771437
679,460,1,2020-11-05 21:23:03.127094,2020-11-05 21:23:03.127094
680,460,6,2020-11-05 21:23:03.211449,2020-11-05 21:23:03.211449
681,461,16,2020-11-05 21:23:03.990389,2020-11-05 21:23:03.990389
682,461,6,2020-11-05 21:23:04.073511,2020-11-05 21:23:04.073511
683,462,5,2020-11-05 21:23:04.845334,2020-11-05 21:23:04.845334
684,462,17,2020-11-05 21:23:04.954923,2020-11-05 21:23:04.954923
685,463,4,2020-11-05 21:23:05.717349,2020-11-05 21:23:05.717349
686,464,9,2020-11-05 21:23:06.512337,2020-11-05 21:23:06.512337
687,464,13,2020-11-05 21:23:06.602538,2020-11-05 21:23:06.602538
688,465,1,2020-11-05 21:23:07.368342,2020-11-05 21:23:07.368342
689,466,5,2020-11-05 21:23:08.117019,2020-11-05 21:23:08.117019
690,467,3,2020-11-05 21:23:09.822016,2020-11-05 21:23:09.822016
691,468,18,2020-11-05 21:23:11.381849,2020-11-05 21:23:11.381849
692,468,10,2020-11-05 21:23:11.438344,2020-11-05 21:23:11.438344
693,469,12,2020-11-05 21:23:12.223264,2020-11-05 21:23:12.223264
694,469,10,2020-11-05 21:23:12.311482,2020-11-05 21:23:12.311482
695,470,1,2020-11-05 21:23:13.167405,2020-11-05 21:23:13.167405
696,471,6,2020-11-05 21:23:14.613668,2020-11-05 21:23:14.613668
697,472,9,2020-11-05 21:23:15.33143,2020-11-05 21:23:15.33143
698,472,10,2020-11-05 21:23:15.421771,2020-11-05 21:23:15.421771
699,473,6,2020-11-05 21:23:16.144031,2020-11-05 21:23:16.144031
700,473,9,2020-11-05 21:23:16.260814,2020-11-05 21:23:16.260814
701,474,4,2020-11-05 21:23:17.676193,2020-11-05 21:23:17.676193
702,475,11,2020-11-05 21:23:18.488023,2020-11-05 21:23:18.488023
703,475,7,2020-11-05 21:23:18.56672,2020-11-05 21:23:18.56672
704,476,13,2020-11-05 21:23:19.254566,2020-11-05 21:23:19.254566
705,476,17,2020-11-05 21:23:19.3379,2020-11-05 21:23:19.3379
706,477,14,2020-11-05 21:23:20.138717,2020-11-05 21:23:20.138717
707,478,6,2020-11-05 21:23:20.884558,2020-11-05 21:23:20.884558
708,478,14,2020-11-05 21:23:20.967257,2020-11-05 21:23:20.967257
709,479,5,2020-11-05 21:23:22.383524,2020-11-05 21:23:22.383524
710,479,14,2020-11-05 21:23:22.461907,2020-11-05 21:23:22.461907
711,480,11,2020-11-05 21:23:23.041035,2020-11-05 21:23:23.041035
712,481,11,2020-11-05 21:23:23.621483,2020-11-05 21:23:23.621483
713,482,11,2020-11-05 21:23:24.223478,2020-11-05 21:23:24.223478
714,483,17,2020-11-05 21:23:24.935248,2020-11-05 21:23:24.935248
715,483,15,2020-11-05 21:23:25.033217,2020-11-05 21:23:25.033217
716,484,2,2020-11-05 21:23:25.689478,2020-11-05 21:23:25.689478
717,484,15,2020-11-05 21:23:25.768233,2020-11-05 21:23:25.768233
718,485,3,2020-11-05 21:23:26.502585,2020-11-05 21:23:26.502585
719,485,17,2020-11-05 21:23:26.582972,2020-11-05 21:23:26.582972
720,486,4,2020-11-05 21:23:27.21843,2020-11-05 21:23:27.21843
721,487,14,2020-11-05 21:23:27.812389,2020-11-05 21:23:27.812389
722,487,15,2020-11-05 21:23:27.892124,2020-11-05 21:23:27.892124
723,488,11,2020-11-05 21:23:29.378596,2020-11-05 21:23:29.378596
724,489,2,2020-11-05 21:23:30.500685,2020-11-05 21:23:30.500685
725,490,2,2020-11-05 21:23:30.903845,2020-11-05 21:23:30.903845
726,491,16,2020-11-05 21:23:32.154275,2020-11-05 21:23:32.154275
727,492,1,2020-11-05 21:23:33.385308,2020-11-05 21:23:33.385308
728,493,4,2020-11-05 21:23:33.94365,2020-11-05 21:23:33.94365
729,494,11,2020-11-05 21:23:34.45382,2020-11-05 21:23:34.45382
730,494,3,2020-11-05 21:23:34.521721,2020-11-05 21:23:34.521721
731,495,1,2020-11-05 21:23:35.096026,2020-11-05 21:23:35.096026
732,496,1,2020-11-05 21:23:35.719788,2020-11-05 21:23:35.719788
733,497,1,2020-11-05 21:23:37.183665,2020-11-05 21:23:37.183665
734,498,3,2020-11-05 21:23:38.383977,2020-11-05 21:23:38.383977
735,499,3,2020-11-05 21:23:39.047635,2020-11-05 21:23:39.047635
736,499,7,2020-11-05 21:23:39.131175,2020-11-05 21:23:39.131175
737,500,3,2020-11-05 21:23:39.844042,2020-11-05 21:23:39.844042
738,500,7,2020-11-05 21:23:40.020873,2020-11-05 21:23:40.020873
739,501,2,2020-11-05 21:23:40.717338,2020-11-05 21:23:40.717338
740,502,2,2020-11-05 21:23:42.113708,2020-11-05 21:23:42.113708
741,503,2,2020-11-05 21:23:42.799175,2020-11-05 21:23:42.799175
742,504,4,2020-11-05 21:23:43.510822,2020-11-05 21:23:43.510822
743,505,4,2020-11-05 21:23:44.38327,2020-11-05 21:23:44.38327
744,506,4,2020-11-05 21:23:45.151791,2020-11-05 21:23:45.151791
745,507,4,2020-11-05 21:23:45.858928,2020-11-05 21:23:45.858928
746,508,4,2020-11-05 21:23:46.626463,2020-11-05 21:23:46.626463
747,509,16,2020-11-05 21:23:47.42193,2020-11-05 21:23:47.42193
748,510,16,2020-11-05 21:23:48.797301,2020-11-05 21:23:48.797301
749,511,1,2020-11-05 21:23:49.632294,2020-11-05 21:23:49.632294
750,512,1,2020-11-05 21:23:50.397205,2020-11-05 21:23:50.397205
751,513,3,2020-11-05 21:23:51.082056,2020-11-05 21:23:51.082056
752,514,3,2020-11-05 21:23:51.719999,2020-11-05 21:23:51.719999
753,515,2,2020-11-05 21:23:52.431826,2020-11-05 21:23:52.431826
754,516,2,2020-11-05 21:23:53.094613,2020-11-05 21:23:53.094613
755,517,11,2020-11-05 21:23:53.835699,2020-11-05 21:23:53.835699
756,518,11,2020-11-05 21:23:54.631396,2020-11-05 21:23:54.631396
757,519,4,2020-11-05 21:23:55.368826,2020-11-05 21:23:55.368826
758,519,10,2020-11-05 21:23:55.459486,2020-11-05 21:23:55.459486
759,520,4,2020-11-05 21:23:56.182923,2020-11-05 21:23:56.182923
760,520,10,2020-11-05 21:23:56.251562,2020-11-05 21:23:56.251562
761,521,4,2020-11-05 21:23:56.93011,2020-11-05 21:23:56.93011
762,521,10,2020-11-05 21:23:57.022527,2020-11-05 21:23:57.022527
763,522,5,2020-11-05 21:23:57.77061,2020-11-05 21:23:57.77061
764,523,5,2020-11-05 21:23:58.567383,2020-11-05 21:23:58.567383
765,524,13,2020-11-05 21:23:59.321366,2020-11-05 21:23:59.321366
766,525,13,2020-11-05 21:24:01.111032,2020-11-05 21:24:01.111032
767,526,13,2020-11-05 21:24:02.542143,2020-11-05 21:24:02.542143
768,527,11,2020-11-05 21:24:03.290383,2020-11-05 21:24:03.290383
769,527,10,2020-11-05 21:24:03.372439,2020-11-05 21:24:03.372439
770,528,11,2020-11-05 21:24:04.744862,2020-11-05 21:24:04.744862
771,528,10,2020-11-05 21:24:04.831834,2020-11-05 21:24:04.831834
772,529,9,2020-11-05 21:24:05.62338,2020-11-05 21:24:05.62338
773,530,9,2020-11-05 21:24:06.416294,2020-11-05 21:24:06.416294
774,530,17,2020-11-05 21:24:06.516975,2020-11-05 21:24:06.516975
775,531,4,2020-11-05 21:24:07.528953,2020-11-05 21:24:07.528953
776,532,7,2020-11-05 21:24:08.737717,2020-11-05 21:24:08.737717
777,533,7,2020-11-05 21:24:09.416158,2020-11-05 21:24:09.416158
778,534,7,2020-11-05 21:24:10.690071,2020-11-05 21:24:10.690071
779,535,2,2020-11-05 21:24:11.880971,2020-11-05 21:24:11.880971
780,536,2,2020-11-05 21:24:12.539122,2020-11-05 21:24:12.539122
781,536,9,2020-11-05 21:24:12.602958,2020-11-05 21:24:12.602958
782,537,2,2020-11-05 21:24:13.721255,2020-11-05 21:24:13.721255
783,537,9,2020-11-05 21:24:13.76819,2020-11-05 21:24:13.76819
784,538,7,2020-11-05 21:24:14.271466,2020-11-05 21:24:14.271466
785,539,7,2020-11-05 21:24:15.311802,2020-11-05 21:24:15.311802
786,540,12,2020-11-05 21:24:15.773085,2020-11-05 21:24:15.773085
787,540,1,2020-11-05 21:24:15.827231,2020-11-05 21:24:15.827231
788,541,12,2020-11-05 21:24:16.31678,2020-11-05 21:24:16.31678
789,541,1,2020-11-05 21:24:16.368751,2020-11-05 21:24:16.368751
790,542,12,2020-11-05 21:24:16.947487,2020-11-05 21:24:16.947487
791,542,1,2020-11-05 21:24:17.005568,2020-11-05 21:24:17.005568
792,543,12,2020-11-05 21:24:17.535221,2020-11-05 21:24:17.535221
793,543,8,2020-11-05 21:24:17.585604,2020-11-05 21:24:17.585604
794,544,12,2020-11-05 21:24:18.108857,2020-11-05 21:24:18.108857
795,544,8,2020-11-05 21:24:18.156214,2020-11-05 21:24:18.156214
796,545,12,2020-11-05 21:24:18.743834,2020-11-05 21:24:18.743834
797,545,8,2020-11-05 21:24:18.81947,2020-11-05 21:24:18.81947
798,546,1,2020-11-05 21:24:19.331191,2020-11-05 21:24:19.331191
799,546,18,2020-11-05 21:24:19.375993,2020-11-05 21:24:19.375993
800,547,1,2020-11-05 21:24:20.5788,2020-11-05 21:24:20.5788
801,547,18,2020-11-05 21:24:20.62734,2020-11-05 21:24:20.62734
802,548,1,2020-11-05 21:24:21.285839,2020-11-05 21:24:21.285839
803,549,1,2020-11-05 21:24:21.830876,2020-11-05 21:24:21.830876
804,550,2,2020-11-05 21:24:22.484419,2020-11-05 21:24:22.484419
805,551,9,2020-11-05 21:24:23.51237,2020-11-05 21:24:23.51237
806,551,16,2020-11-05 21:24:23.558853,2020-11-05 21:24:23.558853
807,552,9,2020-11-05 21:24:24.136428,2020-11-05 21:24:24.136428
808,552,16,2020-11-05 21:24:24.228903,2020-11-05 21:24:24.228903
809,553,9,2020-11-05 21:24:24.727481,2020-11-05 21:24:24.727481
810,553,16,2020-11-05 21:24:24.774755,2020-11-05 21:24:24.774755
811,554,3,2020-11-05 21:24:25.370731,2020-11-05 21:24:25.370731
812,555,3,2020-11-05 21:24:26.545753,2020-11-05 21:24:26.545753
813,556,1,2020-11-05 21:24:27.08827,2020-11-05 21:24:27.08827
814,557,12,2020-11-05 21:24:27.5829,2020-11-05 21:24:27.5829
815,557,13,2020-11-05 21:24:27.63247,2020-11-05 21:24:27.63247
816,558,12,2020-11-05 21:24:28.189297,2020-11-05 21:24:28.189297
817,558,13,2020-11-05 21:24:28.26612,2020-11-05 21:24:28.26612
818,559,16,2020-11-05 21:24:28.953509,2020-11-05 21:24:28.953509
819,559,7,2020-11-05 21:24:29.025737,2020-11-05 21:24:29.025737
820,560,16,2020-11-05 21:24:29.792102,2020-11-05 21:24:29.792102
821,560,7,2020-11-05 21:24:29.853432,2020-11-05 21:24:29.853432
822,561,11,2020-11-05 21:24:30.509093,2020-11-05 21:24:30.509093
823,561,10,2020-11-05 21:24:30.566745,2020-11-05 21:24:30.566745
824,562,14,2020-11-05 21:24:31.072596,2020-11-05 21:24:31.072596
825,563,14,2020-11-05 21:24:32.138199,2020-11-05 21:24:32.138199
826,564,2,2020-11-05 21:24:32.483555,2020-11-05 21:24:32.483555
827,564,13,2020-11-05 21:24:32.542084,2020-11-05 21:24:32.542084
828,565,2,2020-11-05 21:24:33.147128,2020-11-05 21:24:33.147128
829,565,13,2020-11-05 21:24:33.197649,2020-11-05 21:24:33.197649
830,566,13,2020-11-05 21:24:34.39874,2020-11-05 21:24:34.39874
831,566,10,2020-11-05 21:24:34.459804,2020-11-05 21:24:34.459804
832,567,13,2020-11-05 21:24:35.737422,2020-11-05 21:24:35.737422
833,567,10,2020-11-05 21:24:35.795408,2020-11-05 21:24:35.795408
834,568,8,2020-11-05 21:24:36.379637,2020-11-05 21:24:36.379637
835,569,8,2020-11-05 21:24:36.939981,2020-11-05 21:24:36.939981
836,570,16,2020-11-05 21:24:37.929913,2020-11-05 21:24:37.929913
837,571,16,2020-11-05 21:24:38.328034,2020-11-05 21:24:38.328034
838,572,4,2020-11-05 21:24:38.822269,2020-11-05 21:24:38.822269
839,573,4,2020-11-05 21:24:39.516587,2020-11-05 21:24:39.516587
840,574,11,2020-11-05 21:24:41.242326,2020-11-05 21:24:41.242326
841,575,11,2020-11-05 21:24:41.87254,2020-11-05 21:24:41.87254
842,576,11,2020-11-05 21:24:42.534133,2020-11-05 21:24:42.534133
843,577,11,2020-11-05 21:24:43.25838,2020-11-05 21:24:43.25838
844,578,11,2020-11-05 21:24:43.902181,2020-11-05 21:24:43.902181
845,579,11,2020-11-05 21:24:44.522856,2020-11-05 21:24:44.522856
846,580,2,2020-11-05 21:24:45.224455,2020-11-05 21:24:45.224455
847,580,10,2020-11-05 21:24:45.29527,2020-11-05 21:24:45.29527
848,581,2,2020-11-05 21:24:46.855994,2020-11-05 21:24:46.855994
849,581,10,2020-11-05 21:24:46.92792,2020-11-05 21:24:46.92792
850,582,6,2020-11-05 21:24:47.508744,2020-11-05 21:24:47.508744
851,583,6,2020-11-05 21:24:48.17864,2020-11-05 21:24:48.17864
852,584,6,2020-11-05 21:24:49.606853,2020-11-05 21:24:49.606853
853,585,4,2020-11-05 21:24:50.384556,2020-11-05 21:24:50.384556
854,585,1,2020-11-05 21:24:50.460556,2020-11-05 21:24:50.460556
855,586,4,2020-11-05 21:24:51.120672,2020-11-05 21:24:51.120672
856,586,1,2020-11-05 21:24:51.205077,2020-11-05 21:24:51.205077
857,587,5,2020-11-05 21:24:51.902531,2020-11-05 21:24:51.902531
858,587,10,2020-11-05 21:24:52.124693,2020-11-05 21:24:52.124693
859,588,12,2020-11-05 21:24:54.544645,2020-11-05 21:24:54.544645
860,589,12,2020-11-05 21:24:56.6093,2020-11-05 21:24:56.6093
861,589,17,2020-11-05 21:24:56.722858,2020-11-05 21:24:56.722858
862,590,1,2020-11-05 21:24:57.94546,2020-11-05 21:24:57.94546
863,590,8,2020-11-05 21:24:58.045854,2020-11-05 21:24:58.045854
864,591,1,2020-11-05 21:24:59.186953,2020-11-05 21:24:59.186953
865,591,8,2020-11-05 21:24:59.222738,2020-11-05 21:24:59.222738
866,592,2,2020-11-05 21:24:59.643653,2020-11-05 21:24:59.643653
867,592,14,2020-11-05 21:24:59.701101,2020-11-05 21:24:59.701101
868,593,2,2020-11-05 21:25:00.495527,2020-11-05 21:25:00.495527
869,593,14,2020-11-05 21:25:00.545339,2020-11-05 21:25:00.545339
870,594,2,2020-11-05 21:25:01.156893,2020-11-05 21:25:01.156893
871,595,12,2020-11-05 21:25:01.681687,2020-11-05 21:25:01.681687
872,595,5,2020-11-05 21:25:01.735124,2020-11-05 21:25:01.735124
873,596,12,2020-11-05 21:25:03.318671,2020-11-05 21:25:03.318671
874,596,5,2020-11-05 21:25:03.36602,2020-11-05 21:25:03.36602
875,597,1,2020-11-05 21:25:03.829122,2020-11-05 21:25:03.829122
876,597,17,2020-11-05 21:25:03.877332,2020-11-05 21:25:03.877332
877,598,1,2020-11-05 21:25:04.325748,2020-11-05 21:25:04.325748
878,598,17,2020-11-05 21:25:04.371399,2020-11-05 21:25:04.371399
879,599,17,2020-11-05 21:25:04.890554,2020-11-05 21:25:04.890554
880,600,17,2020-11-05 21:25:05.427213,2020-11-05 21:25:05.427213
881,601,17,2020-11-05 21:25:06.06511,2020-11-05 21:25:06.06511
882,602,5,2020-11-05 21:25:06.673366,2020-11-05 21:25:06.673366
883,603,5,2020-11-05 21:25:07.307184,2020-11-05 21:25:07.307184
884,604,5,2020-11-05 21:25:07.77596,2020-11-05 21:25:07.77596
885,605,11,2020-11-05 21:25:08.132806,2020-11-05 21:25:08.132806
886,606,11,2020-11-05 21:25:09.104742,2020-11-05 21:25:09.104742
887,607,14,2020-11-05 21:25:09.713856,2020-11-05 21:25:09.713856
888,607,3,2020-11-05 21:25:09.761498,2020-11-05 21:25:09.761498
889,608,14,2020-11-05 21:25:10.310759,2020-11-05 21:25:10.310759
890,608,3,2020-11-05 21:25:10.359113,2020-11-05 21:25:10.359113
891,609,14,2020-11-05 21:25:10.916899,2020-11-05 21:25:10.916899
892,609,3,2020-11-05 21:25:10.964845,2020-11-05 21:25:10.964845
893,610,15,2020-11-05 21:25:11.451888,2020-11-05 21:25:11.451888
894,611,15,2020-11-05 21:25:11.901688,2020-11-05 21:25:11.901688
895,612,15,2020-11-05 21:25:12.3836,2020-11-05 21:25:12.3836
896,613,6,2020-11-05 21:25:12.947443,2020-11-05 21:25:12.947443
897,614,6,2020-11-05 21:25:13.475902,2020-11-05 21:25:13.475902
898,615,6,2020-11-05 21:25:14.197804,2020-11-05 21:25:14.197804
899,616,12,2020-11-05 21:25:14.609963,2020-11-05 21:25:14.609963
900,617,12,2020-11-05 21:25:16.02271,2020-11-05 21:25:16.02271
901,618,9,2020-11-05 21:25:17.018419,2020-11-05 21:25:17.018419
902,618,5,2020-11-05 21:25:17.066056,2020-11-05 21:25:17.066056
903,619,7,2020-11-05 21:25:17.510237,2020-11-05 21:25:17.510237
904,620,7,2020-11-05 21:25:17.974368,2020-11-05 21:25:17.974368
905,621,15,2020-11-05 21:25:19.225011,2020-11-05 21:25:19.225011
906,622,9,2020-11-05 21:25:19.77879,2020-11-05 21:25:19.77879
907,622,14,2020-11-05 21:25:19.821952,2020-11-05 21:25:19.821952
908,623,9,2020-11-05 21:25:20.399008,2020-11-05 21:25:20.399008
909,623,14,2020-11-05 21:25:20.450469,2020-11-05 21:25:20.450469
910,624,16,2020-11-05 21:25:20.988154,2020-11-05 21:25:20.988154
911,624,17,2020-11-05 21:25:21.035557,2020-11-05 21:25:21.035557
912,625,16,2020-11-05 21:25:22.847808,2020-11-05 21:25:22.847808
913,625,17,2020-11-05 21:25:22.88334,2020-11-05 21:25:22.88334
914,626,4,2020-11-05 21:25:23.478425,2020-11-05 21:25:23.478425
915,627,4,2020-11-05 21:25:24.017023,2020-11-05 21:25:24.017023
916,627,10,2020-11-05 21:25:24.065745,2020-11-05 21:25:24.065745
917,628,4,2020-11-05 21:25:24.538569,2020-11-05 21:25:24.538569
918,628,10,2020-11-05 21:25:24.588481,2020-11-05 21:25:24.588481
919,629,16,2020-11-05 21:25:25.123947,2020-11-05 21:25:25.123947
920,629,10,2020-11-05 21:25:25.182185,2020-11-05 21:25:25.182185
921,630,16,2020-11-05 21:25:25.684256,2020-11-05 21:25:25.684256
922,630,10,2020-11-05 21:25:25.734317,2020-11-05 21:25:25.734317
923,631,3,2020-11-05 21:25:26.265883,2020-11-05 21:25:26.265883
924,632,12,2020-11-05 21:25:26.809772,2020-11-05 21:25:26.809772
925,632,17,2020-11-05 21:25:26.858259,2020-11-05 21:25:26.858259
926,633,16,2020-11-05 21:25:28.099082,2020-11-05 21:25:28.099082
927,633,15,2020-11-05 21:25:28.145501,2020-11-05 21:25:28.145501
928,634,16,2020-11-05 21:25:28.5544,2020-11-05 21:25:28.5544
929,634,15,2020-11-05 21:25:28.602897,2020-11-05 21:25:28.602897
930,635,16,2020-11-05 21:25:29.091799,2020-11-05 21:25:29.091799
931,635,15,2020-11-05 21:25:29.149024,2020-11-05 21:25:29.149024
932,636,12,2020-11-05 21:25:29.678476,2020-11-05 21:25:29.678476
933,636,3,2020-11-05 21:25:29.781075,2020-11-05 21:25:29.781075
934,637,12,2020-11-05 21:25:30.245982,2020-11-05 21:25:30.245982
935,637,3,2020-11-05 21:25:30.294122,2020-11-05 21:25:30.294122
936,638,17,2020-11-05 21:25:30.785398,2020-11-05 21:25:30.785398
937,638,7,2020-11-05 21:25:30.836066,2020-11-05 21:25:30.836066
938,639,13,2020-11-05 21:25:31.247699,2020-11-05 21:25:31.247699
939,639,7,2020-11-05 21:25:31.298384,2020-11-05 21:25:31.298384
940,640,1,2020-11-05 21:25:31.709555,2020-11-05 21:25:31.709555
941,640,7,2020-11-05 21:25:31.757661,2020-11-05 21:25:31.757661
942,641,10,2020-11-05 21:25:32.318456,2020-11-05 21:25:32.318456
943,642,5,2020-11-05 21:25:32.839402,2020-11-05 21:25:32.839402
944,642,10,2020-11-05 21:25:32.890092,2020-11-05 21:25:32.890092
945,643,15,2020-11-05 21:25:33.326374,2020-11-05 21:25:33.326374
946,643,3,2020-11-05 21:25:33.376253,2020-11-05 21:25:33.376253
947,644,15,2020-11-05 21:25:33.723304,2020-11-05 21:25:33.723304
948,644,5,2020-11-05 21:25:33.770929,2020-11-05 21:25:33.770929
949,645,9,2020-11-05 21:25:34.15136,2020-11-05 21:25:34.15136
950,645,10,2020-11-05 21:25:34.198437,2020-11-05 21:25:34.198437
951,646,15,2020-11-05 21:25:35.450437,2020-11-05 21:25:35.450437
952,646,6,2020-11-05 21:25:35.492512,2020-11-05 21:25:35.492512
953,647,2,2020-11-05 21:25:36.556187,2020-11-05 21:25:36.556187
954,647,7,2020-11-05 21:25:36.603878,2020-11-05 21:25:36.603878
955,648,4,2020-11-05 21:25:37.150228,2020-11-05 21:25:37.150228
956,648,11,2020-11-05 21:25:37.219188,2020-11-05 21:25:37.219188
957,649,12,2020-11-05 21:25:38.33729,2020-11-05 21:25:38.33729
958,649,17,2020-11-05 21:25:38.383515,2020-11-05 21:25:38.383515
959,650,1,2020-11-05 21:25:38.784744,2020-11-05 21:25:38.784744
960,651,1,2020-11-05 21:25:39.167253,2020-11-05 21:25:39.167253
961,652,1,2020-11-05 21:25:39.6217,2020-11-05 21:25:39.6217
962,652,7,2020-11-05 21:25:39.666943,2020-11-05 21:25:39.666943
963,653,3,2020-11-05 21:25:40.126594,2020-11-05 21:25:40.126594
964,654,3,2020-11-05 21:25:40.580142,2020-11-05 21:25:40.580142
965,655,3,2020-11-05 21:25:41.015916,2020-11-05 21:25:41.015916
966,655,11,2020-11-05 21:25:41.074328,2020-11-05 21:25:41.074328
967,656,2,2020-11-05 21:25:41.631351,2020-11-05 21:25:41.631351
968,657,2,2020-11-05 21:25:42.192861,2020-11-05 21:25:42.192861
969,658,2,2020-11-05 21:25:42.625465,2020-11-05 21:25:42.625465
970,658,16,2020-11-05 21:25:42.671591,2020-11-05 21:25:42.671591
971,659,4,2020-11-05 21:25:43.1596,2020-11-05 21:25:43.1596
972,660,4,2020-11-05 21:25:43.647028,2020-11-05 21:25:43.647028
973,660,9,2020-11-05 21:25:43.711678,2020-11-05 21:25:43.711678
974,661,4,2020-11-05 21:25:44.258075,2020-11-05 21:25:44.258075
975,661,10,2020-11-05 21:25:44.3201,2020-11-05 21:25:44.3201
976,662,3,2020-11-05 21:25:44.847359,2020-11-05 21:25:44.847359
977,662,10,2020-11-05 21:25:44.896222,2020-11-05 21:25:44.896222
978,663,3,2020-11-05 21:25:45.425471,2020-11-05 21:25:45.425471
979,663,10,2020-11-05 21:25:45.483195,2020-11-05 21:25:45.483195
980,664,12,2020-11-05 21:25:45.994098,2020-11-05 21:25:45.994098
981,665,12,2020-11-05 21:25:46.591837,2020-11-05 21:25:46.591837
982,666,12,2020-11-05 21:25:47.747071,2020-11-05 21:25:47.747071
983,666,10,2020-11-05 21:25:47.797387,2020-11-05 21:25:47.797387
984,667,3,2020-11-05 21:25:48.331908,2020-11-05 21:25:48.331908
985,667,4,2020-11-05 21:25:48.380536,2020-11-05 21:25:48.380536
986,668,3,2020-11-05 21:25:48.98285,2020-11-05 21:25:48.98285
987,668,4,2020-11-05 21:25:49.042815,2020-11-05 21:25:49.042815
988,669,18,2020-11-05 21:25:49.585307,2020-11-05 21:25:49.585307
989,670,18,2020-11-05 21:25:50.126997,2020-11-05 21:25:50.126997
990,671,18,2020-11-05 21:25:50.858628,2020-11-05 21:25:50.858628
991,672,1,2020-11-05 21:25:51.887355,2020-11-05 21:25:51.887355
992,673,1,2020-11-05 21:25:52.312266,2020-11-05 21:25:52.312266
993,674,7,2020-11-05 21:25:52.80799,2020-11-05 21:25:52.80799
994,675,7,2020-11-05 21:25:53.385667,2020-11-05 21:25:53.385667
995,675,16,2020-11-05 21:25:53.481185,2020-11-05 21:25:53.481185
996,676,4,2020-11-05 21:25:54.730153,2020-11-05 21:25:54.730153
997,677,11,2020-11-05 21:25:55.151293,2020-11-05 21:25:55.151293
998,678,11,2020-11-05 21:25:55.706487,2020-11-05 21:25:55.706487
999,679,17,2020-11-05 21:25:56.833297,2020-11-05 21:25:56.833297
1000,679,14,2020-11-05 21:25:56.879791,2020-11-05 21:25:56.879791
1001,680,17,2020-11-05 21:25:57.414381,2020-11-05 21:25:57.414381
1002,680,14,2020-11-05 21:25:57.473293,2020-11-05 21:25:57.473293
1003,681,17,2020-11-05 21:25:57.906303,2020-11-05 21:25:57.906303
1004,681,14,2020-11-05 21:25:57.977152,2020-11-05 21:25:57.977152
1005,682,18,2020-11-05 21:25:58.909616,2020-11-05 21:25:58.909616
1006,683,18,2020-11-05 21:25:59.301831,2020-11-05 21:25:59.301831
1007,684,18,2020-11-05 21:25:59.737934,2020-11-05 21:25:59.737934
1008,685,18,2020-11-05 21:26:00.208381,2020-11-05 21:26:00.208381
1009,686,16,2020-11-05 21:26:00.78666,2020-11-05 21:26:00.78666
1010,686,11,2020-11-05 21:26:00.836877,2020-11-05 21:26:00.836877
1011,687,16,2020-11-05 21:26:01.347588,2020-11-05 21:26:01.347588
1012,687,11,2020-11-05 21:26:01.397043,2020-11-05 21:26:01.397043
1013,688,13,2020-11-05 21:26:01.868475,2020-11-05 21:26:01.868475
1014,688,2,2020-11-05 21:26:01.917459,2020-11-05 21:26:01.917459
1015,689,13,2020-11-05 21:26:02.542634,2020-11-05 21:26:02.542634
1016,689,2,2020-11-05 21:26:02.591384,2020-11-05 21:26:02.591384
1017,690,8,2020-11-05 21:26:03.081932,2020-11-05 21:26:03.081932
1018,690,2,2020-11-05 21:26:03.139177,2020-11-05 21:26:03.139177
1019,691,8,2020-11-05 21:26:03.783534,2020-11-05 21:26:03.783534
1020,691,15,2020-11-05 21:26:03.841421,2020-11-05 21:26:03.841421
1021,692,2,2020-11-05 21:26:04.371057,2020-11-05 21:26:04.371057
1022,693,2,2020-11-05 21:26:04.793708,2020-11-05 21:26:04.793708
1023,694,5,2020-11-05 21:26:05.186546,2020-11-05 21:26:05.186546
1024,694,4,2020-11-05 21:26:05.274425,2020-11-05 21:26:05.274425
1025,695,5,2020-11-05 21:26:05.814985,2020-11-05 21:26:05.814985
1026,695,4,2020-11-05 21:26:05.861448,2020-11-05 21:26:05.861448
1027,696,13,2020-11-05 21:26:06.278859,2020-11-05 21:26:06.278859
1028,696,15,2020-11-05 21:26:06.326882,2020-11-05 21:26:06.326882
1029,697,13,2020-11-05 21:26:06.707365,2020-11-05 21:26:06.707365
1030,697,15,2020-11-05 21:26:06.754726,2020-11-05 21:26:06.754726
1031,698,13,2020-11-05 21:26:07.192877,2020-11-05 21:26:07.192877
1032,698,6,2020-11-05 21:26:07.240368,2020-11-05 21:26:07.240368
1033,699,13,2020-11-05 21:26:07.667219,2020-11-05 21:26:07.667219
1034,699,6,2020-11-05 21:26:07.713507,2020-11-05 21:26:07.713507
1035,700,18,2020-11-05 21:26:08.175348,2020-11-05 21:26:08.175348
1036,701,7,2020-11-05 21:26:08.648511,2020-11-05 21:26:08.648511
1037,701,10,2020-11-05 21:26:08.696657,2020-11-05 21:26:08.696657
1038,702,5,2020-11-05 21:26:09.877318,2020-11-05 21:26:09.877318
1039,702,18,2020-11-05 21:26:09.92468,2020-11-05 21:26:09.92468
1040,703,13,2020-11-05 21:26:10.407856,2020-11-05 21:26:10.407856
1041,703,18,2020-11-05 21:26:10.457682,2020-11-05 21:26:10.457682
1042,704,15,2020-11-05 21:26:11.068017,2020-11-05 21:26:11.068017
1043,705,15,2020-11-05 21:26:11.565278,2020-11-05 21:26:11.565278
1044,706,15,2020-11-05 21:26:12.068802,2020-11-05 21:26:12.068802
1045,707,17,2020-11-05 21:26:12.634332,2020-11-05 21:26:12.634332
1046,707,18,2020-11-05 21:26:12.686691,2020-11-05 21:26:12.686691
1047,708,14,2020-11-05 21:26:13.08835,2020-11-05 21:26:13.08835
1048,708,1,2020-11-05 21:26:13.131838,2020-11-05 21:26:13.131838
1049,709,14,2020-11-05 21:26:13.628374,2020-11-05 21:26:13.628374
1050,709,1,2020-11-05 21:26:13.678265,2020-11-05 21:26:13.678265
1051,710,14,2020-11-05 21:26:14.174167,2020-11-05 21:26:14.174167
1052,710,1,2020-11-05 21:26:14.275028,2020-11-05 21:26:14.275028
1053,711,14,2020-11-05 21:26:14.784827,2020-11-05 21:26:14.784827
1054,711,1,2020-11-05 21:26:14.840229,2020-11-05 21:26:14.840229
1055,712,6,2020-11-05 21:26:15.338489,2020-11-05 21:26:15.338489
1056,713,6,2020-11-05 21:26:15.918353,2020-11-05 21:26:15.918353
1057,714,10,2020-11-05 21:26:16.596726,2020-11-05 21:26:16.596726
1058,714,15,2020-11-05 21:26:16.643934,2020-11-05 21:26:16.643934
1059,715,10,2020-11-05 21:26:17.372862,2020-11-05 21:26:17.372862
1060,715,15,2020-11-05 21:26:17.442514,2020-11-05 21:26:17.442514
1061,716,18,2020-11-05 21:26:18.155518,2020-11-05 21:26:18.155518
1062,717,16,2020-11-05 21:26:18.772601,2020-11-05 21:26:18.772601
1063,717,10,2020-11-05 21:26:18.821166,2020-11-05 21:26:18.821166
1064,718,15,2020-11-05 21:26:19.183249,2020-11-05 21:26:19.183249
1065,718,9,2020-11-05 21:26:19.235662,2020-11-05 21:26:19.235662
1066,719,13,2020-11-05 21:26:19.609097,2020-11-05 21:26:19.609097
1067,719,18,2020-11-05 21:26:19.68243,2020-11-05 21:26:19.68243
1068,720,11,2020-11-05 21:26:20.235462,2020-11-05 21:26:20.235462
1069,720,14,2020-11-05 21:26:20.283204,2020-11-05 21:26:20.283204
1070,721,3,2020-11-05 21:26:21.442822,2020-11-05 21:26:21.442822
1071,721,2,2020-11-05 21:26:21.493071,2020-11-05 21:26:21.493071
1072,722,1,2020-11-05 21:26:21.841349,2020-11-05 21:26:21.841349
1073,722,10,2020-11-05 21:26:21.891258,2020-11-05 21:26:21.891258
1074,723,1,2020-11-05 21:26:22.452895,2020-11-05 21:26:22.452895
1075,723,10,2020-11-05 21:26:22.537957,2020-11-05 21:26:22.537957
1076,724,1,2020-11-05 21:26:23.061956,2020-11-05 21:26:23.061956
1077,724,14,2020-11-05 21:26:23.164321,2020-11-05 21:26:23.164321
1078,725,3,2020-11-05 21:26:23.614735,2020-11-05 21:26:23.614735
1079,726,3,2020-11-05 21:26:24.105982,2020-11-05 21:26:24.105982
1080,727,3,2020-11-05 21:26:24.624821,2020-11-05 21:26:24.624821
1081,727,16,2020-11-05 21:26:24.678967,2020-11-05 21:26:24.678967
1082,728,2,2020-11-05 21:26:25.149462,2020-11-05 21:26:25.149462
1083,729,2,2020-11-05 21:26:25.600384,2020-11-05 21:26:25.600384
1084,730,2,2020-11-05 21:26:26.133599,2020-11-05 21:26:26.133599
1085,730,18,2020-11-05 21:26:26.173434,2020-11-05 21:26:26.173434
1086,731,4,2020-11-05 21:26:26.676277,2020-11-05 21:26:26.676277
1087,731,10,2020-11-05 21:26:26.725248,2020-11-05 21:26:26.725248
1088,732,4,2020-11-05 21:26:27.28236,2020-11-05 21:26:27.28236
1089,732,10,2020-11-05 21:26:27.330664,2020-11-05 21:26:27.330664
1090,733,4,2020-11-05 21:26:27.868223,2020-11-05 21:26:27.868223
1091,733,10,2020-11-05 21:26:27.914914,2020-11-05 21:26:27.914914
1092,734,4,2020-11-05 21:26:28.953792,2020-11-05 21:26:28.953792
1093,735,4,2020-11-05 21:26:29.446847,2020-11-05 21:26:29.446847
1094,736,12,2020-11-05 21:26:29.95608,2020-11-05 21:26:29.95608
1095,737,12,2020-11-05 21:26:31.019795,2020-11-05 21:26:31.019795
1096,737,5,2020-11-05 21:26:31.056484,2020-11-05 21:26:31.056484
1097,738,12,2020-11-05 21:26:31.562771,2020-11-05 21:26:31.562771
1098,738,5,2020-11-05 21:26:31.610609,2020-11-05 21:26:31.610609
1099,739,7,2020-11-05 21:26:32.628407,2020-11-05 21:26:32.628407
1100,740,7,2020-11-05 21:26:33.036075,2020-11-05 21:26:33.036075
1101,740,6,2020-11-05 21:26:33.085826,2020-11-05 21:26:33.085826
1102,741,3,2020-11-05 21:26:34.077694,2020-11-05 21:26:34.077694
1103,741,10,2020-11-05 21:26:34.122552,2020-11-05 21:26:34.122552
1104,742,12,2020-11-05 21:26:34.479737,2020-11-05 21:26:34.479737
1105,742,18,2020-11-05 21:26:34.526941,2020-11-05 21:26:34.526941
1106,743,12,2020-11-05 21:26:34.977222,2020-11-05 21:26:34.977222
1107,743,18,2020-11-05 21:26:35.023984,2020-11-05 21:26:35.023984
1108,744,13,2020-11-05 21:26:35.501335,2020-11-05 21:26:35.501335
1109,745,13,2020-11-05 21:26:36.64687,2020-11-05 21:26:36.64687
1110,746,2,2020-11-05 21:26:37.737915,2020-11-05 21:26:37.737915
1111,747,8,2020-11-05 21:26:38.240395,2020-11-05 21:26:38.240395
1112,747,2,2020-11-05 21:26:38.297298,2020-11-05 21:26:38.297298
1113,748,8,2020-11-05 21:26:38.862456,2020-11-05 21:26:38.862456
1114,748,2,2020-11-05 21:26:38.919504,2020-11-05 21:26:38.919504
1115,749,9,2020-11-05 21:26:39.526111,2020-11-05 21:26:39.526111
1116,750,9,2020-11-05 21:26:39.961081,2020-11-05 21:26:39.961081
1117,751,2,2020-11-05 21:26:40.599606,2020-11-05 21:26:40.599606
1118,751,12,2020-11-05 21:26:40.697133,2020-11-05 21:26:40.697133
1119,752,2,2020-11-05 21:26:41.152565,2020-11-05 21:26:41.152565
1120,752,12,2020-11-05 21:26:41.208349,2020-11-05 21:26:41.208349
1121,753,1,2020-11-05 21:26:42.13363,2020-11-05 21:26:42.13363
1122,754,1,2020-11-05 21:26:43.118932,2020-11-05 21:26:43.118932
1123,755,1,2020-11-05 21:26:43.956926,2020-11-05 21:26:43.956926
1124,755,18,2020-11-05 21:26:43.993002,2020-11-05 21:26:43.993002
1125,756,1,2020-11-05 21:26:44.509708,2020-11-05 21:26:44.509708
1126,756,18,2020-11-05 21:26:44.558919,2020-11-05 21:26:44.558919
1127,757,8,2020-11-05 21:26:45.166606,2020-11-05 21:26:45.166606
1128,757,3,2020-11-05 21:26:45.21838,2020-11-05 21:26:45.21838
1129,758,8,2020-11-05 21:26:45.727587,2020-11-05 21:26:45.727587
1130,758,3,2020-11-05 21:26:45.805605,2020-11-05 21:26:45.805605
1131,759,4,2020-11-05 21:26:46.301809,2020-11-05 21:26:46.301809
1132,759,7,2020-11-05 21:26:46.354491,2020-11-05 21:26:46.354491
1133,760,4,2020-11-05 21:26:46.926004,2020-11-05 21:26:46.926004
1134,760,7,2020-11-05 21:26:46.969485,2020-11-05 21:26:46.969485
1135,761,1,2020-11-05 21:26:47.495882,2020-11-05 21:26:47.495882
1136,762,1,2020-11-05 21:26:48.001044,2020-11-05 21:26:48.001044
1137,763,1,2020-11-05 21:26:48.600998,2020-11-05 21:26:48.600998
1138,764,18,2020-11-05 21:26:49.151704,2020-11-05 21:26:49.151704
1139,765,4,2020-11-05 21:26:49.645519,2020-11-05 21:26:49.645519
1140,765,11,2020-11-05 21:26:49.692392,2020-11-05 21:26:49.692392
1141,766,7,2020-11-05 21:26:50.167906,2020-11-05 21:26:50.167906
1142,767,12,2020-11-05 21:26:50.696732,2020-11-05 21:26:50.696732
1143,767,2,2020-11-05 21:26:50.74606,2020-11-05 21:26:50.74606
1144,768,12,2020-11-05 21:26:51.129921,2020-11-05 21:26:51.129921
1145,768,2,2020-11-05 21:26:51.189089,2020-11-05 21:26:51.189089
1146,769,14,2020-11-05 21:26:51.606747,2020-11-05 21:26:51.606747
1147,769,9,2020-11-05 21:26:51.662442,2020-11-05 21:26:51.662442
1148,770,14,2020-11-05 21:26:52.283665,2020-11-05 21:26:52.283665
1149,770,9,2020-11-05 21:26:52.324777,2020-11-05 21:26:52.324777
1150,771,2,2020-11-05 21:26:52.910062,2020-11-05 21:26:52.910062
1151,772,4,2020-11-05 21:26:53.936118,2020-11-05 21:26:53.936118
1152,773,4,2020-11-05 21:26:54.935024,2020-11-05 21:26:54.935024
1153,774,13,2020-11-05 21:26:55.367807,2020-11-05 21:26:55.367807
1154,774,10,2020-11-05 21:26:55.428466,2020-11-05 21:26:55.428466
1155,775,4,2020-11-05 21:26:55.835836,2020-11-05 21:26:55.835836
1156,776,3,2020-11-05 21:26:56.22563,2020-11-05 21:26:56.22563
1157,776,15,2020-11-05 21:26:56.270975,2020-11-05 21:26:56.270975
1158,777,5,2020-11-05 21:26:56.659858,2020-11-05 21:26:56.659858
1159,777,17,2020-11-05 21:26:56.711396,2020-11-05 21:26:56.711396
1160,778,14,2020-11-05 21:26:57.24138,2020-11-05 21:26:57.24138
1161,778,18,2020-11-05 21:26:57.301091,2020-11-05 21:26:57.301091
1162,779,2,2020-11-05 21:26:57.714301,2020-11-05 21:26:57.714301
1163,779,11,2020-11-05 21:26:57.762351,2020-11-05 21:26:57.762351
1164,780,4,2020-11-05 21:27:01.207131,2020-11-05 21:27:01.207131
1165,780,15,2020-11-05 21:27:01.254403,2020-11-05 21:27:01.254403
1166,781,14,2020-11-05 21:27:01.806967,2020-11-05 21:27:01.806967
1167,781,1,2020-11-05 21:27:01.854162,2020-11-05 21:27:01.854162
1168,782,15,2020-11-05 21:27:02.200319,2020-11-05 21:27:02.200319
1169,783,15,2020-11-05 21:27:02.806342,2020-11-05 21:27:02.806342
1170,783,7,2020-11-05 21:27:02.864379,2020-11-05 21:27:02.864379
1171,784,15,2020-11-05 21:27:03.443786,2020-11-05 21:27:03.443786
1172,784,7,2020-11-05 21:27:03.498959,2020-11-05 21:27:03.498959
1173,785,5,2020-11-05 21:27:04.112449,2020-11-05 21:27:04.112449
1174,785,18,2020-11-05 21:27:04.201408,2020-11-05 21:27:04.201408
1175,786,11,2020-11-05 21:27:04.649938,2020-11-05 21:27:04.649938
1176,786,18,2020-11-05 21:27:04.693962,2020-11-05 21:27:04.693962
1177,787,1,2020-11-05 21:27:05.135993,2020-11-05 21:27:05.135993
1178,787,18,2020-11-05 21:27:05.204931,2020-11-05 21:27:05.204931
1179,788,2,2020-11-05 21:27:05.775931,2020-11-05 21:27:05.775931
1180,788,18,2020-11-05 21:27:05.822401,2020-11-05 21:27:05.822401
1181,789,11,2020-11-05 21:27:06.294265,2020-11-05 21:27:06.294265
1182,790,11,2020-11-05 21:27:06.821961,2020-11-05 21:27:06.821961
1183,791,11,2020-11-05 21:27:07.278323,2020-11-05 21:27:07.278323
1184,791,17,2020-11-05 21:27:07.345304,2020-11-05 21:27:07.345304
1185,792,11,2020-11-05 21:27:08.035866,2020-11-05 21:27:08.035866
1186,792,14,2020-11-05 21:27:08.140508,2020-11-05 21:27:08.140508
1187,793,13,2020-11-05 21:27:08.732615,2020-11-05 21:27:08.732615
1188,793,8,2020-11-05 21:27:08.826652,2020-11-05 21:27:08.826652
1189,794,12,2020-11-05 21:27:09.41664,2020-11-05 21:27:09.41664
1190,794,7,2020-11-05 21:27:09.507426,2020-11-05 21:27:09.507426
1191,795,12,2020-11-05 21:27:10.001573,2020-11-05 21:27:10.001573
1192,795,7,2020-11-05 21:27:10.083715,2020-11-05 21:27:10.083715
1193,796,5,2020-11-05 21:27:11.221046,2020-11-05 21:27:11.221046
1194,797,17,2020-11-05 21:27:11.642075,2020-11-05 21:27:11.642075
1195,797,10,2020-11-05 21:27:11.689329,2020-11-05 21:27:11.689329
1196,798,1,2020-11-05 21:27:12.789984,2020-11-05 21:27:12.789984
1197,798,17,2020-11-05 21:27:12.82602,2020-11-05 21:27:12.82602
1198,799,16,2020-11-05 21:27:13.17382,2020-11-05 21:27:13.17382
1199,799,15,2020-11-05 21:27:13.224408,2020-11-05 21:27:13.224408
1200,800,11,2020-11-05 21:27:13.615875,2020-11-05 21:27:13.615875
1201,801,17,2020-11-05 21:27:13.957955,2020-11-05 21:27:13.957955
1202,801,18,2020-11-05 21:27:14.065062,2020-11-05 21:27:14.065062
1203,802,7,2020-11-05 21:27:15.058615,2020-11-05 21:27:15.058615
1204,802,14,2020-11-05 21:27:15.094424,2020-11-05 21:27:15.094424
1205,803,8,2020-11-05 21:27:15.48768,2020-11-05 21:27:15.48768
1206,804,8,2020-11-05 21:27:15.955242,2020-11-05 21:27:15.955242
1207,804,15,2020-11-05 21:27:16.027089,2020-11-05 21:27:16.027089
1208,805,13,2020-11-05 21:27:16.492237,2020-11-05 21:27:16.492237
1209,805,17,2020-11-05 21:27:16.538588,2020-11-05 21:27:16.538588
1210,806,3,2020-11-05 21:27:16.96224,2020-11-05 21:27:16.96224
1211,806,14,2020-11-05 21:27:17.015848,2020-11-05 21:27:17.015848
1212,807,5,2020-11-05 21:27:17.492435,2020-11-05 21:27:17.492435
1213,809,17,2020-11-05 21:27:18.067795,2020-11-05 21:27:18.067795
1214,810,1,2020-11-05 21:41:55.084179,2020-11-05 21:41:55.084179
1215,811,1,2020-11-05 21:41:56.343799,2020-11-05 21:41:56.343799
1216,812,1,2020-11-05 21:41:57.272388,2020-11-05 21:41:57.272388
1217,813,3,2020-11-05 21:41:58.518143,2020-11-05 21:41:58.518143
1218,814,3,2020-11-05 21:41:59.941564,2020-11-05 21:41:59.941564
1219,815,3,2020-11-05 21:42:00.90515,2020-11-05 21:42:00.90515
1220,816,2,2020-11-05 21:42:01.801414,2020-11-05 21:42:01.801414
1221,817,2,2020-11-05 21:42:03.033164,2020-11-05 21:42:03.033164
1222,818,2,2020-11-05 21:42:04.065373,2020-11-05 21:42:04.065373
1223,819,4,2020-11-05 21:42:04.981002,2020-11-05 21:42:04.981002
1224,820,4,2020-11-05 21:42:06.160061,2020-11-05 21:42:06.160061
1225,821,10,2020-11-05 21:42:07.036641,2020-11-05 21:42:07.036641
1226,822,10,2020-11-05 21:42:08.72249,2020-11-05 21:42:08.72249
1227,823,10,2020-11-05 21:42:09.678146,2020-11-05 21:42:09.678146
1228,823,17,2020-11-05 21:42:09.825094,2020-11-05 21:42:09.825094
1229,824,12,2020-11-05 21:42:11.051163,2020-11-05 21:42:11.051163
1230,825,12,2020-11-05 21:42:12.388328,2020-11-05 21:42:12.388328
1231,825,11,2020-11-05 21:42:12.522051,2020-11-05 21:42:12.522051
1232,826,12,2020-11-05 21:42:13.482742,2020-11-05 21:42:13.482742
1233,826,11,2020-11-05 21:42:13.631403,2020-11-05 21:42:13.631403
1234,827,16,2020-11-05 21:42:14.562502,2020-11-05 21:42:14.562502
1235,828,16,2020-11-05 21:42:16.005321,2020-11-05 21:42:16.005321
1236,829,1,2020-11-05 21:42:17.168375,2020-11-05 21:42:17.168375
1237,830,1,2020-11-05 21:42:18.882954,2020-11-05 21:42:18.882954
1238,831,4,2020-11-05 21:42:19.96623,2020-11-05 21:42:19.96623
1239,832,4,2020-11-05 21:42:21.029146,2020-11-05 21:42:21.029146
1240,833,2,2020-11-05 21:42:22.5528,2020-11-05 21:42:22.5528
1241,834,2,2020-11-05 21:42:24.691675,2020-11-05 21:42:24.691675
1242,834,13,2020-11-05 21:42:24.850847,2020-11-05 21:42:24.850847
1243,835,5,2020-11-05 21:42:25.832192,2020-11-05 21:42:25.832192
1244,836,5,2020-11-05 21:42:27.092204,2020-11-05 21:42:27.092204
1245,837,13,2020-11-05 21:42:28.216635,2020-11-05 21:42:28.216635
1246,838,13,2020-11-05 21:42:29.788151,2020-11-05 21:42:29.788151
1247,838,3,2020-11-05 21:42:29.920605,2020-11-05 21:42:29.920605
1248,839,13,2020-11-05 21:42:31.180566,2020-11-05 21:42:31.180566
1249,839,3,2020-11-05 21:42:31.327949,2020-11-05 21:42:31.327949
1250,840,1,2020-11-05 21:42:32.261468,2020-11-05 21:42:32.261468
1251,840,15,2020-11-05 21:42:32.363223,2020-11-05 21:42:32.363223
1252,841,1,2020-11-05 21:42:33.749509,2020-11-05 21:42:33.749509
1253,841,15,2020-11-05 21:42:33.871138,2020-11-05 21:42:33.871138
1254,842,1,2020-11-05 21:42:34.825253,2020-11-05 21:42:34.825253
1255,842,15,2020-11-05 21:42:34.988246,2020-11-05 21:42:34.988246
1256,843,9,2020-11-05 21:42:36.381812,2020-11-05 21:42:36.381812
1257,844,9,2020-11-05 21:42:38.501911,2020-11-05 21:42:38.501911
1258,845,10,2020-11-05 21:42:39.393148,2020-11-05 21:42:39.393148
1259,845,2,2020-11-05 21:42:39.506686,2020-11-05 21:42:39.506686
1260,846,2,2020-11-05 21:42:40.542195,2020-11-05 21:42:40.542195
1261,847,2,2020-11-05 21:42:41.788859,2020-11-05 21:42:41.788859
1262,848,5,2020-11-05 21:42:42.734064,2020-11-05 21:42:42.734064
1263,848,8,2020-11-05 21:42:42.827933,2020-11-05 21:42:42.827933
1264,849,5,2020-11-05 21:42:43.823169,2020-11-05 21:42:43.823169
1265,849,8,2020-11-05 21:42:44.018873,2020-11-05 21:42:44.018873
1266,850,5,2020-11-05 21:42:45.448265,2020-11-05 21:42:45.448265
1267,850,8,2020-11-05 21:42:45.629699,2020-11-05 21:42:45.629699
1268,851,3,2020-11-05 21:42:46.72595,2020-11-05 21:42:46.72595
1269,851,12,2020-11-05 21:42:46.837165,2020-11-05 21:42:46.837165
1270,852,3,2020-11-05 21:42:48.044522,2020-11-05 21:42:48.044522
1271,852,12,2020-11-05 21:42:48.190452,2020-11-05 21:42:48.190452
1272,853,7,2020-11-05 21:42:49.103637,2020-11-05 21:42:49.103637
1273,854,7,2020-11-05 21:42:49.974693,2020-11-05 21:42:49.974693
1274,855,14,2020-11-05 21:42:50.852641,2020-11-05 21:42:50.852641
1275,856,14,2020-11-05 21:42:52.278062,2020-11-05 21:42:52.278062
1276,857,11,2020-11-05 21:42:53.227751,2020-11-05 21:42:53.227751
1277,858,11,2020-11-05 21:42:54.45118,2020-11-05 21:42:54.45118
1278,859,11,2020-11-05 21:42:55.377644,2020-11-05 21:42:55.377644
1279,859,18,2020-11-05 21:42:55.528095,2020-11-05 21:42:55.528095
1280,860,16,2020-11-05 21:42:56.402825,2020-11-05 21:42:56.402825
1281,860,18,2020-11-05 21:42:56.555139,2020-11-05 21:42:56.555139
1282,861,16,2020-11-05 21:42:57.464988,2020-11-05 21:42:57.464988
1283,861,18,2020-11-05 21:42:57.594686,2020-11-05 21:42:57.594686
1284,862,16,2020-11-05 21:42:58.637013,2020-11-05 21:42:58.637013
1285,862,18,2020-11-05 21:42:58.788957,2020-11-05 21:42:58.788957
1286,863,16,2020-11-05 21:42:59.726797,2020-11-05 21:42:59.726797
1287,863,4,2020-11-05 21:42:59.885566,2020-11-05 21:42:59.885566
1288,864,17,2020-11-05 21:43:00.769485,2020-11-05 21:43:00.769485
1289,865,14,2020-11-05 21:43:02.750241,2020-11-05 21:43:02.750241
1290,866,7,2020-11-05 21:43:04.080859,2020-11-05 21:43:04.080859
1291,867,6,2020-11-05 21:43:04.995685,2020-11-05 21:43:04.995685
1292,867,11,2020-11-05 21:43:05.186465,2020-11-05 21:43:05.186465
1293,868,9,2020-11-05 21:43:07.01733,2020-11-05 21:43:07.01733
1294,868,14,2020-11-05 21:43:07.192899,2020-11-05 21:43:07.192899
1295,869,18,2020-11-05 21:43:08.294272,2020-11-05 21:43:08.294272
1296,870,18,2020-11-05 21:43:09.81711,2020-11-05 21:43:09.81711
1297,871,7,2020-11-05 21:43:10.687085,2020-11-05 21:43:10.687085
1298,872,5,2020-11-05 21:43:11.536072,2020-11-05 21:43:11.536072
1299,873,6,2020-11-05 21:43:13.140385,2020-11-05 21:43:13.140385
1300,873,12,2020-11-05 21:43:13.223657,2020-11-05 21:43:13.223657
1301,874,6,2020-11-05 21:43:14.8167,2020-11-05 21:43:14.8167
1302,874,12,2020-11-05 21:43:14.929294,2020-11-05 21:43:14.929294
1303,875,13,2020-11-05 21:43:15.730109,2020-11-05 21:43:15.730109
1304,876,6,2020-11-05 21:43:16.894556,2020-11-05 21:43:16.894556
1305,877,6,2020-11-05 21:43:18.092848,2020-11-05 21:43:18.092848
1306,878,11,2020-11-05 21:43:18.944813,2020-11-05 21:43:18.944813
1307,878,4,2020-11-05 21:43:19.101046,2020-11-05 21:43:19.101046
1308,879,11,2020-11-05 21:43:21.230507,2020-11-05 21:43:21.230507
1309,879,4,2020-11-05 21:43:21.373789,2020-11-05 21:43:21.373789
1310,880,5,2020-11-05 21:43:22.612164,2020-11-05 21:43:22.612164
1311,880,16,2020-11-05 21:43:22.764765,2020-11-05 21:43:22.764765
1312,881,17,2020-11-05 21:43:23.941323,2020-11-05 21:43:23.941323
1313,882,17,2020-11-05 21:43:25.57959,2020-11-05 21:43:25.57959
1314,883,5,2020-11-05 21:43:26.472886,2020-11-05 21:43:26.472886
1315,883,15,2020-11-05 21:43:26.609603,2020-11-05 21:43:26.609603
1316,884,5,2020-11-05 21:43:28.11351,2020-11-05 21:43:28.11351
1317,884,6,2020-11-05 21:43:28.250939,2020-11-05 21:43:28.250939
1318,885,2,2020-11-05 21:43:29.47129,2020-11-05 21:43:29.47129
1319,885,15,2020-11-05 21:43:29.600906,2020-11-05 21:43:29.600906
1320,886,2,2020-11-05 21:43:30.907816,2020-11-05 21:43:30.907816
1321,886,6,2020-11-05 21:43:31.037407,2020-11-05 21:43:31.037407
1322,887,17,2020-11-05 21:43:31.940564,2020-11-05 21:43:31.940564
1323,887,15,2020-11-05 21:43:32.077281,2020-11-05 21:43:32.077281
1324,888,15,2020-11-05 21:43:33.698746,2020-11-05 21:43:33.698746
1325,888,14,2020-11-05 21:43:33.85429,2020-11-05 21:43:33.85429
1326,889,15,2020-11-05 21:43:35.035087,2020-11-05 21:43:35.035087
1327,889,14,2020-11-05 21:43:35.181228,2020-11-05 21:43:35.181228
1328,890,15,2020-11-05 21:43:36.133261,2020-11-05 21:43:36.133261
1329,890,14,2020-11-05 21:43:36.27392,2020-11-05 21:43:36.27392
1330,891,18,2020-11-05 21:43:37.091772,2020-11-05 21:43:37.091772
1331,892,18,2020-11-05 21:43:38.967549,2020-11-05 21:43:38.967549
1332,893,8,2020-11-05 21:43:40.951413,2020-11-05 21:43:40.951413
1333,893,15,2020-11-05 21:43:41.089062,2020-11-05 21:43:41.089062
1334,894,7,2020-11-05 21:43:41.830737,2020-11-05 21:43:41.830737
1335,895,7,2020-11-05 21:43:42.634239,2020-11-05 21:43:42.634239
1336,895,16,2020-11-05 21:43:42.684931,2020-11-05 21:43:42.684931
1337,896,7,2020-11-05 21:43:43.730486,2020-11-05 21:43:43.730486
1338,896,2,2020-11-05 21:43:43.776484,2020-11-05 21:43:43.776484
1339,897,16,2020-11-05 21:43:44.492542,2020-11-05 21:43:44.492542
1340,897,1,2020-11-05 21:43:44.639451,2020-11-05 21:43:44.639451
1341,898,5,2020-11-05 21:43:45.786222,2020-11-05 21:43:45.786222
1342,899,15,2020-11-05 21:43:46.96277,2020-11-05 21:43:46.96277
1343,900,6,2020-11-05 21:43:48.032571,2020-11-05 21:43:48.032571
1344,901,14,2020-11-05 21:43:49.20358,2020-11-05 21:43:49.20358
