id,name,pokemon_entry,pokedex_number,hp,attack,defense,special_attack,special_defense,speed,height,weight,created_at,updated_at
1,bulbasaur,,1,45,49,49,65,65,45,7,69,2020-11-05 21:16:19.086709,2020-11-05 21:16:19.086709
2,ivysaur,,2,60,62,63,80,80,60,10,130,2020-11-05 21:16:20.117639,2020-11-05 21:16:20.117639
3,venusaur,,3,80,82,83,100,100,80,20,1000,2020-11-05 21:16:20.922322,2020-11-05 21:16:20.922322
4,charmander,,4,39,52,43,60,50,65,6,85,2020-11-05 21:16:21.690336,2020-11-05 21:16:21.690336
5,charmeleon,,5,58,64,58,80,65,80,11,190,2020-11-05 21:16:22.385548,2020-11-05 21:16:22.385548
6,charizard,,6,78,84,78,109,85,100,17,905,2020-11-05 21:16:23.11128,2020-11-05 21:16:23.11128
7,squirtle,,7,44,48,65,50,64,43,5,90,2020-11-05 21:16:23.86566,2020-11-05 21:16:23.86566
8,wartortle,,8,59,63,80,65,80,58,10,225,2020-11-05 21:16:24.515511,2020-11-05 21:16:24.515511
9,blastoise,,9,79,83,100,85,105,78,16,855,2020-11-05 21:16:25.430311,2020-11-05 21:16:25.430311
10,caterpie,,10,45,30,35,20,20,45,3,29,2020-11-05 21:16:26.008537,2020-11-05 21:16:26.008537
11,metapod,,11,50,20,55,25,25,30,7,99,2020-11-05 21:16:26.735486,2020-11-05 21:16:26.735486
12,butterfree,,12,60,45,50,90,80,70,11,320,2020-11-05 21:16:27.358273,2020-11-05 21:16:27.358273
13,weedle,,13,40,35,30,20,20,50,3,32,2020-11-05 21:16:28.119961,2020-11-05 21:16:28.119961
14,kakuna,,14,45,25,50,25,25,35,6,100,2020-11-05 21:16:28.892067,2020-11-05 21:16:28.892067
15,beedrill,,15,65,90,40,45,80,75,10,295,2020-11-05 21:16:29.553548,2020-11-05 21:16:29.553548
16,pidgey,,16,40,45,40,35,35,56,3,18,2020-11-05 21:16:30.358053,2020-11-05 21:16:30.358053
17,pidgeotto,,17,63,60,55,50,50,71,11,300,2020-11-05 21:16:31.292942,2020-11-05 21:16:31.292942
18,pidgeot,,18,83,80,75,70,70,101,15,395,2020-11-05 21:16:32.303267,2020-11-05 21:16:32.303267
19,rattata,,19,30,56,35,25,35,72,3,35,2020-11-05 21:16:33.252926,2020-11-05 21:16:33.252926
20,raticate,,20,55,81,60,50,70,97,7,185,2020-11-05 21:16:34.081209,2020-11-05 21:16:34.081209
21,spearow,,21,40,60,30,31,31,70,3,20,2020-11-05 21:16:34.714123,2020-11-05 21:16:34.714123
22,fearow,,22,65,90,65,61,61,100,12,380,2020-11-05 21:16:35.488251,2020-11-05 21:16:35.488251
23,ekans,,23,35,60,44,40,54,55,20,69,2020-11-05 21:16:36.338696,2020-11-05 21:16:36.338696
24,arbok,,24,60,95,69,65,79,80,35,650,2020-11-05 21:16:37.097263,2020-11-05 21:16:37.097263
25,pikachu,,25,35,55,40,50,50,90,4,60,2020-11-05 21:16:37.952257,2020-11-05 21:16:37.952257
26,raichu,,26,60,90,55,90,80,110,8,300,2020-11-05 21:16:38.622397,2020-11-05 21:16:38.622397
27,sandshrew,,27,50,75,85,20,30,40,6,120,2020-11-05 21:16:39.269172,2020-11-05 21:16:39.269172
28,sandslash,,28,75,100,110,45,55,65,10,295,2020-11-05 21:16:40.01698,2020-11-05 21:16:40.01698
29,nidoran_f,,29,55,47,52,40,40,41,4,70,2020-11-05 21:16:40.717555,2020-11-05 21:16:40.717555
30,nidorina,,30,70,62,67,55,55,56,8,200,2020-11-05 21:16:41.563103,2020-11-05 21:16:41.563103
31,nidoqueen,,31,90,92,87,75,85,76,13,600,2020-11-05 21:16:42.334132,2020-11-05 21:16:42.334132
32,nidoran_m,,32,46,57,40,40,40,50,5,90,2020-11-05 21:16:43.218625,2020-11-05 21:16:43.218625
33,nidorino,,33,61,72,57,55,55,65,9,195,2020-11-05 21:16:43.951761,2020-11-05 21:16:43.951761
34,nidoking,,34,81,102,77,85,75,85,14,620,2020-11-05 21:16:44.747312,2020-11-05 21:16:44.747312
35,clefairy,,35,70,45,48,60,65,35,6,75,2020-11-05 21:16:45.73601,2020-11-05 21:16:45.73601
36,clefable,,36,95,70,73,95,90,60,13,400,2020-11-05 21:16:46.540477,2020-11-05 21:16:46.540477
37,vulpix,,37,38,41,40,50,65,65,6,99,2020-11-05 21:16:47.300428,2020-11-05 21:16:47.300428
38,ninetales,,38,73,76,75,81,100,100,11,199,2020-11-05 21:16:47.975545,2020-11-05 21:16:47.975545
39,jigglypuff,,39,115,45,20,45,25,20,5,55,2020-11-05 21:16:48.785794,2020-11-05 21:16:48.785794
40,wigglytuff,,40,140,70,45,85,50,45,10,120,2020-11-05 21:16:49.613157,2020-11-05 21:16:49.613157
41,zubat,,41,40,45,35,30,40,55,8,75,2020-11-05 21:16:50.786422,2020-11-05 21:16:50.786422
42,golbat,,42,75,80,70,65,75,90,16,550,2020-11-05 21:16:51.697972,2020-11-05 21:16:51.697972
43,oddish,,43,45,50,55,75,65,30,5,54,2020-11-05 21:16:52.616461,2020-11-05 21:16:52.616461
44,gloom,,44,60,65,70,85,75,40,8,86,2020-11-05 21:16:53.443185,2020-11-05 21:16:53.443185
45,vileplume,,45,75,80,85,110,90,50,12,186,2020-11-05 21:16:54.2776,2020-11-05 21:16:54.2776
46,paras,,46,35,70,55,45,55,25,3,54,2020-11-05 21:16:55.018652,2020-11-05 21:16:55.018652
47,parasect,,47,60,95,80,60,80,30,10,295,2020-11-05 21:16:55.909654,2020-11-05 21:16:55.909654
48,venonat,,48,60,55,50,40,55,45,10,300,2020-11-05 21:16:56.788926,2020-11-05 21:16:56.788926
49,venomoth,,49,70,65,60,90,75,90,15,125,2020-11-05 21:16:57.701142,2020-11-05 21:16:57.701142
50,diglett,,50,10,55,25,35,45,95,2,8,2020-11-05 21:16:58.525806,2020-11-05 21:16:58.525806
51,dugtrio,,51,35,100,50,50,70,120,7,333,2020-11-05 21:16:59.313112,2020-11-05 21:16:59.313112
52,meowth,,52,40,45,35,40,40,90,4,42,2020-11-05 21:17:00.078633,2020-11-05 21:17:00.078633
53,persian,,53,65,70,60,65,65,115,10,320,2020-11-05 21:17:00.820746,2020-11-05 21:17:00.820746
54,psyduck,,54,50,52,48,65,50,55,8,196,2020-11-05 21:17:01.714204,2020-11-05 21:17:01.714204
55,golduck,,55,80,82,78,95,80,85,17,766,2020-11-05 21:17:02.486573,2020-11-05 21:17:02.486573
56,mankey,,56,40,80,35,35,45,70,5,280,2020-11-05 21:17:03.297063,2020-11-05 21:17:03.297063
57,primeape,,57,65,105,60,60,70,95,10,320,2020-11-05 21:17:04.118035,2020-11-05 21:17:04.118035
58,growlithe,,58,55,70,45,70,50,60,7,190,2020-11-05 21:17:04.910006,2020-11-05 21:17:04.910006
59,arcanine,,59,90,110,80,100,80,95,19,1550,2020-11-05 21:17:05.659455,2020-11-05 21:17:05.659455
60,poliwag,,60,40,50,40,40,40,90,6,124,2020-11-05 21:17:06.444704,2020-11-05 21:17:06.444704
61,poliwhirl,,61,65,65,65,50,50,90,10,200,2020-11-05 21:17:07.301508,2020-11-05 21:17:07.301508
62,poliwrath,,62,90,95,95,70,90,70,13,540,2020-11-05 21:17:08.081012,2020-11-05 21:17:08.081012
63,abra,,63,25,20,15,105,55,90,9,195,2020-11-05 21:17:08.989867,2020-11-05 21:17:08.989867
64,kadabra,,64,40,35,30,120,70,105,13,565,2020-11-05 21:17:09.843868,2020-11-05 21:17:09.843868
65,alakazam,,65,55,50,45,135,95,120,15,480,2020-11-05 21:17:10.637574,2020-11-05 21:17:10.637574
66,machop,,66,70,80,50,35,35,35,8,195,2020-11-05 21:17:11.326796,2020-11-05 21:17:11.326796
67,machoke,,67,80,100,70,50,60,45,15,705,2020-11-05 21:17:12.062219,2020-11-05 21:17:12.062219
68,machamp,,68,90,130,80,65,85,55,16,1300,2020-11-05 21:17:12.872173,2020-11-05 21:17:12.872173
69,bellsprout,,69,50,75,35,70,30,40,7,40,2020-11-05 21:17:13.667494,2020-11-05 21:17:13.667494
70,weepinbell,,70,65,90,50,85,45,55,10,64,2020-11-05 21:17:14.39071,2020-11-05 21:17:14.39071
71,victreebel,,71,80,105,65,100,70,70,17,155,2020-11-05 21:17:15.229426,2020-11-05 21:17:15.229426
72,tentacool,,72,40,40,35,50,100,70,9,455,2020-11-05 21:17:16.125779,2020-11-05 21:17:16.125779
73,tentacruel,,73,80,70,65,80,120,100,16,550,2020-11-05 21:17:16.969988,2020-11-05 21:17:16.969988
74,geodude,,74,40,80,100,30,30,20,4,200,2020-11-05 21:17:17.913795,2020-11-05 21:17:17.913795
75,graveler,,75,55,95,115,45,45,35,10,1050,2020-11-05 21:17:18.821143,2020-11-05 21:17:18.821143
76,golem,,76,80,120,130,55,65,45,14,3000,2020-11-05 21:17:19.714479,2020-11-05 21:17:19.714479
77,ponyta,,77,50,85,55,65,65,90,10,300,2020-11-05 21:17:20.577636,2020-11-05 21:17:20.577636
78,rapidash,,78,65,100,70,80,80,105,17,950,2020-11-05 21:17:21.420609,2020-11-05 21:17:21.420609
79,slowpoke,,79,90,65,65,40,40,15,12,360,2020-11-05 21:17:22.27011,2020-11-05 21:17:22.27011
80,slowbro,,80,95,75,110,100,80,30,16,785,2020-11-05 21:17:23.788778,2020-11-05 21:17:23.788778
81,magnemite,,81,25,35,70,95,55,45,3,60,2020-11-05 21:17:24.61609,2020-11-05 21:17:24.61609
82,magneton,,82,50,60,95,120,70,70,10,600,2020-11-05 21:17:25.492875,2020-11-05 21:17:25.492875
83,farfetchd,,83,52,90,55,58,62,60,8,150,2020-11-05 21:17:26.443929,2020-11-05 21:17:26.443929
84,doduo,,84,35,85,45,35,35,75,14,392,2020-11-05 21:17:27.294305,2020-11-05 21:17:27.294305
85,dodrio,,85,60,110,70,60,60,110,18,852,2020-11-05 21:17:28.155692,2020-11-05 21:17:28.155692
86,seel,,86,65,45,55,45,70,45,11,900,2020-11-05 21:17:28.977074,2020-11-05 21:17:28.977074
87,dewgong,,87,90,70,80,70,95,70,17,1200,2020-11-05 21:17:29.770956,2020-11-05 21:17:29.770956
88,grimer,,88,80,80,50,40,50,25,9,300,2020-11-05 21:17:30.646175,2020-11-05 21:17:30.646175
89,muk,,89,105,105,75,65,100,50,12,300,2020-11-05 21:17:31.375344,2020-11-05 21:17:31.375344
90,shellder,,90,30,65,100,45,25,40,3,40,2020-11-05 21:17:32.178521,2020-11-05 21:17:32.178521
91,cloyster,,91,50,95,180,85,45,70,15,1325,2020-11-05 21:17:33.1324,2020-11-05 21:17:33.1324
92,gastly,,92,30,35,30,100,35,80,13,1,2020-11-05 21:17:33.698297,2020-11-05 21:17:33.698297
93,haunter,,93,45,50,45,115,55,95,16,1,2020-11-05 21:17:34.153485,2020-11-05 21:17:34.153485
94,gengar,,94,60,65,60,130,75,110,15,405,2020-11-05 21:17:34.639247,2020-11-05 21:17:34.639247
95,onix,,95,35,45,160,30,45,70,88,2100,2020-11-05 21:17:35.12016,2020-11-05 21:17:35.12016
96,drowzee,,96,60,48,45,43,90,42,10,324,2020-11-05 21:17:35.659833,2020-11-05 21:17:35.659833
97,hypno,,97,85,73,70,73,115,67,16,756,2020-11-05 21:17:36.206402,2020-11-05 21:17:36.206402
98,krabby,,98,30,105,90,25,25,50,4,65,2020-11-05 21:17:37.094607,2020-11-05 21:17:37.094607
99,kingler,,99,55,130,115,50,50,75,13,600,2020-11-05 21:17:37.913468,2020-11-05 21:17:37.913468
100,voltorb,,100,40,30,50,55,55,100,5,104,2020-11-05 21:17:38.77842,2020-11-05 21:17:38.77842
101,electrode,,101,60,50,70,80,80,150,12,666,2020-11-05 21:17:39.595765,2020-11-05 21:17:39.595765
102,exeggcute,,102,60,40,80,60,45,40,4,25,2020-11-05 21:17:40.401125,2020-11-05 21:17:40.401125
103,exeggutor,,103,95,95,85,125,75,55,20,1200,2020-11-05 21:17:41.893705,2020-11-05 21:17:41.893705
104,cubone,,104,50,50,95,40,50,35,4,65,2020-11-05 21:17:42.634686,2020-11-05 21:17:42.634686
105,marowak,,105,60,80,110,50,80,45,10,450,2020-11-05 21:17:43.607212,2020-11-05 21:17:43.607212
106,hitmonlee,,106,50,120,53,35,110,87,15,498,2020-11-05 21:17:44.361878,2020-11-05 21:17:44.361878
107,hitmonchan,,107,50,105,79,35,110,76,14,502,2020-11-05 21:17:45.136733,2020-11-05 21:17:45.136733
108,lickitung,,108,90,55,75,60,75,30,12,655,2020-11-05 21:17:45.897773,2020-11-05 21:17:45.897773
109,koffing,,109,40,65,95,60,45,35,6,10,2020-11-05 21:17:46.626338,2020-11-05 21:17:46.626338
110,weezing,,110,65,90,120,85,70,60,12,95,2020-11-05 21:17:47.238607,2020-11-05 21:17:47.238607
111,rhyhorn,,111,80,85,95,30,30,25,10,1150,2020-11-05 21:17:47.834193,2020-11-05 21:17:47.834193
112,rhydon,,112,105,130,120,45,45,40,19,1200,2020-11-05 21:17:48.800219,2020-11-05 21:17:48.800219
113,chansey,,113,250,5,5,35,105,50,11,346,2020-11-05 21:17:49.680866,2020-11-05 21:17:49.680866
114,tangela,,114,65,55,115,100,40,60,10,350,2020-11-05 21:17:50.443033,2020-11-05 21:17:50.443033
115,kangaskhan,,115,105,95,80,40,80,90,22,800,2020-11-05 21:17:51.260194,2020-11-05 21:17:51.260194
116,horsea,,116,30,40,70,70,25,60,4,80,2020-11-05 21:17:52.02563,2020-11-05 21:17:52.02563
117,seadra,,117,55,65,95,95,45,85,12,250,2020-11-05 21:17:52.782241,2020-11-05 21:17:52.782241
118,goldeen,,118,45,67,60,35,50,63,6,150,2020-11-05 21:17:53.624084,2020-11-05 21:17:53.624084
119,seaking,,119,80,92,65,65,80,68,13,390,2020-11-05 21:17:54.454195,2020-11-05 21:17:54.454195
120,staryu,,120,30,45,55,70,55,85,8,345,2020-11-05 21:17:55.187161,2020-11-05 21:17:55.187161
121,starmie,,121,60,75,85,100,85,115,11,800,2020-11-05 21:17:55.996698,2020-11-05 21:17:55.996698
122,mr_mime,,122,40,45,65,100,120,90,13,545,2020-11-05 21:17:56.831369,2020-11-05 21:17:56.831369
123,scyther,,123,70,110,80,55,80,105,15,560,2020-11-05 21:17:57.770054,2020-11-05 21:17:57.770054
124,jynx,,124,65,50,35,115,95,95,14,406,2020-11-05 21:17:58.713208,2020-11-05 21:17:58.713208
125,electabuzz,,125,65,83,57,95,85,105,11,300,2020-11-05 21:17:59.568514,2020-11-05 21:17:59.568514
126,magmar,,126,65,95,57,100,85,93,13,445,2020-11-05 21:18:00.300023,2020-11-05 21:18:00.300023
127,pinsir,,127,65,125,100,55,70,85,15,550,2020-11-05 21:18:01.328112,2020-11-05 21:18:01.328112
128,tauros,,128,75,100,95,40,70,110,14,884,2020-11-05 21:18:02.129354,2020-11-05 21:18:02.129354
129,magikarp,,129,20,10,55,15,20,80,9,100,2020-11-05 21:18:02.97123,2020-11-05 21:18:02.97123
130,gyarados,,130,95,125,79,60,100,81,65,2350,2020-11-05 21:18:03.623542,2020-11-05 21:18:03.623542
131,lapras,,131,130,85,80,85,95,60,25,2200,2020-11-05 21:18:04.397661,2020-11-05 21:18:04.397661
132,ditto,,132,48,48,48,48,48,48,3,40,2020-11-05 21:18:05.248295,2020-11-05 21:18:05.248295
133,eevee,,133,55,55,50,45,65,55,3,65,2020-11-05 21:18:06.011904,2020-11-05 21:18:06.011904
134,vaporeon,,134,130,65,60,110,95,65,10,290,2020-11-05 21:18:07.358924,2020-11-05 21:18:07.358924
135,jolteon,,135,65,65,60,110,95,130,8,245,2020-11-05 21:18:08.095211,2020-11-05 21:18:08.095211
136,flareon,,136,65,130,60,95,110,65,9,250,2020-11-05 21:18:08.795579,2020-11-05 21:18:08.795579
137,porygon,,137,65,60,70,85,75,40,8,365,2020-11-05 21:18:09.47909,2020-11-05 21:18:09.47909
138,omanyte,,138,35,40,100,90,55,35,4,75,2020-11-05 21:18:10.34765,2020-11-05 21:18:10.34765
139,omastar,,139,70,60,125,115,70,55,10,350,2020-11-05 21:18:11.203675,2020-11-05 21:18:11.203675
140,kabuto,,140,30,80,90,55,45,55,5,115,2020-11-05 21:18:12.088376,2020-11-05 21:18:12.088376
141,kabutops,,141,60,115,105,65,70,80,13,405,2020-11-05 21:18:13.11392,2020-11-05 21:18:13.11392
142,aerodactyl,,142,80,105,65,60,75,130,18,590,2020-11-05 21:18:14.33553,2020-11-05 21:18:14.33553
143,snorlax,,143,160,110,65,65,110,30,21,4600,2020-11-05 21:18:15.560645,2020-11-05 21:18:15.560645
144,articuno,,144,90,85,100,95,125,85,17,554,2020-11-05 21:18:16.330082,2020-11-05 21:18:16.330082
145,zapdos,,145,90,90,85,125,90,100,16,526,2020-11-05 21:18:17.166714,2020-11-05 21:18:17.166714
146,moltres,,146,90,100,90,125,85,90,20,600,2020-11-05 21:18:18.074196,2020-11-05 21:18:18.074196
147,dratini,,147,41,64,45,50,50,50,18,33,2020-11-05 21:18:18.846504,2020-11-05 21:18:18.846504
148,dragonair,,148,61,84,65,70,70,70,40,165,2020-11-05 21:18:19.816938,2020-11-05 21:18:19.816938
149,dragonite,,149,91,134,95,100,100,80,22,2100,2020-11-05 21:18:20.483869,2020-11-05 21:18:20.483869
150,mewtwo,,150,106,110,90,154,90,130,20,1220,2020-11-05 21:18:21.297212,2020-11-05 21:18:21.297212
151,mew,,151,100,100,100,100,100,100,4,40,2020-11-05 21:18:22.043559,2020-11-05 21:18:22.043559
152,chikorita,,152,45,49,65,49,65,45,9,64,2020-11-05 21:18:22.693553,2020-11-05 21:18:22.693553
153,bayleef,,153,60,62,80,63,80,60,12,158,2020-11-05 21:18:23.458888,2020-11-05 21:18:23.458888
154,meganium,,154,80,82,100,83,100,80,18,1005,2020-11-05 21:18:24.259223,2020-11-05 21:18:24.259223
155,cyndaquil,,155,39,52,43,60,50,65,5,79,2020-11-05 21:18:24.805697,2020-11-05 21:18:24.805697
156,quilava,,156,58,64,58,80,65,80,9,190,2020-11-05 21:18:25.416342,2020-11-05 21:18:25.416342
157,typhlosion,,157,78,84,78,109,85,100,17,795,2020-11-05 21:18:26.143132,2020-11-05 21:18:26.143132
158,totodile,,158,50,65,64,44,48,43,6,95,2020-11-05 21:18:26.778771,2020-11-05 21:18:26.778771
159,croconaw,,159,65,80,80,59,63,58,11,250,2020-11-05 21:18:28.441067,2020-11-05 21:18:28.441067
160,feraligatr,,160,85,105,100,79,83,78,23,888,2020-11-05 21:18:29.128473,2020-11-05 21:18:29.128473
161,sentret,,161,35,46,34,35,45,20,8,60,2020-11-05 21:18:29.799111,2020-11-05 21:18:29.799111
162,furret,,162,85,76,64,45,55,90,18,325,2020-11-05 21:18:30.511192,2020-11-05 21:18:30.511192
163,hoothoot,,163,60,30,30,36,56,50,7,212,2020-11-05 21:18:31.288101,2020-11-05 21:18:31.288101
164,noctowl,,164,100,50,50,86,96,70,16,408,2020-11-05 21:18:32.22964,2020-11-05 21:18:32.22964
165,ledyba,,165,40,20,30,40,80,55,10,108,2020-11-05 21:18:33.082716,2020-11-05 21:18:33.082716
166,ledian,,166,55,35,50,55,110,85,14,356,2020-11-05 21:18:34.014882,2020-11-05 21:18:34.014882
167,spinarak,,167,40,60,40,40,40,30,5,85,2020-11-05 21:18:35.061348,2020-11-05 21:18:35.061348
168,ariados,,168,70,90,70,60,70,40,11,335,2020-11-05 21:18:35.905617,2020-11-05 21:18:35.905617
169,crobat,,169,85,90,80,70,80,130,18,750,2020-11-05 21:18:36.802639,2020-11-05 21:18:36.802639
170,chinchou,,170,75,38,38,56,56,67,5,120,2020-11-05 21:18:37.560742,2020-11-05 21:18:37.560742
171,lanturn,,171,125,58,58,76,76,67,12,225,2020-11-05 21:18:38.418189,2020-11-05 21:18:38.418189
172,pichu,,172,20,40,15,35,35,60,3,20,2020-11-05 21:18:39.270104,2020-11-05 21:18:39.270104
173,cleffa,,173,50,25,28,45,55,15,3,30,2020-11-05 21:18:40.159442,2020-11-05 21:18:40.159442
174,igglybuff,,174,90,30,15,40,20,15,3,10,2020-11-05 21:18:40.912727,2020-11-05 21:18:40.912727
175,togepi,,175,35,20,65,40,65,20,3,15,2020-11-05 21:18:41.836272,2020-11-05 21:18:41.836272
176,togetic,,176,55,40,85,80,105,40,6,32,2020-11-05 21:18:42.581859,2020-11-05 21:18:42.581859
177,natu,,177,40,50,45,70,45,70,2,20,2020-11-05 21:18:43.384606,2020-11-05 21:18:43.384606
178,xatu,,178,65,75,70,95,70,95,15,150,2020-11-05 21:18:44.297718,2020-11-05 21:18:44.297718
179,mareep,,179,55,40,40,65,45,35,6,78,2020-11-05 21:18:45.314571,2020-11-05 21:18:45.314571
180,flaaffy,,180,70,55,55,80,60,45,8,133,2020-11-05 21:18:46.214334,2020-11-05 21:18:46.214334
181,ampharos,,181,90,75,85,115,90,55,14,615,2020-11-05 21:18:46.949553,2020-11-05 21:18:46.949553
182,bellossom,,182,75,80,95,90,100,50,4,58,2020-11-05 21:18:47.629571,2020-11-05 21:18:47.629571
183,marill,,183,70,20,50,20,50,40,4,85,2020-11-05 21:18:48.324316,2020-11-05 21:18:48.324316
184,azumarill,,184,100,50,80,60,80,50,8,285,2020-11-05 21:18:49.160746,2020-11-05 21:18:49.160746
185,sudowoodo,,185,70,100,115,30,65,30,12,380,2020-11-05 21:18:50.069106,2020-11-05 21:18:50.069106
186,politoed,,186,90,75,75,90,100,70,11,339,2020-11-05 21:18:51.457182,2020-11-05 21:18:51.457182
187,hoppip,,187,35,35,40,35,55,50,4,5,2020-11-05 21:18:52.368745,2020-11-05 21:18:52.368745
188,skiploom,,188,55,45,50,45,65,80,6,10,2020-11-05 21:18:53.216167,2020-11-05 21:18:53.216167
189,jumpluff,,189,75,55,70,55,95,110,8,30,2020-11-05 21:18:54.135869,2020-11-05 21:18:54.135869
190,aipom,,190,55,70,55,40,55,85,8,115,2020-11-05 21:18:55.143845,2020-11-05 21:18:55.143845
191,sunkern,,191,30,30,30,30,30,30,3,18,2020-11-05 21:18:56.07393,2020-11-05 21:18:56.07393
192,sunflora,,192,75,75,55,105,85,30,8,85,2020-11-05 21:18:56.81014,2020-11-05 21:18:56.81014
193,yanma,,193,65,65,45,75,45,95,12,380,2020-11-05 21:18:57.646855,2020-11-05 21:18:57.646855
194,wooper,,194,55,45,45,25,25,15,4,85,2020-11-05 21:18:58.543055,2020-11-05 21:18:58.543055
195,quagsire,,195,95,85,85,65,65,35,14,750,2020-11-05 21:18:59.352455,2020-11-05 21:18:59.352455
196,espeon,,196,65,65,60,130,95,110,9,265,2020-11-05 21:19:00.3749,2020-11-05 21:19:00.3749
197,umbreon,,197,95,65,110,60,130,65,10,270,2020-11-05 21:19:01.153034,2020-11-05 21:19:01.153034
198,murkrow,,198,60,85,42,85,42,91,5,21,2020-11-05 21:19:01.950813,2020-11-05 21:19:01.950813
199,slowking,,199,95,75,80,100,110,30,20,795,2020-11-05 21:19:02.840657,2020-11-05 21:19:02.840657
200,misdreavus,,200,60,60,60,85,85,85,7,10,2020-11-05 21:19:03.788124,2020-11-05 21:19:03.788124
201,unown,,201,48,72,48,72,48,48,5,50,2020-11-05 21:19:04.372357,2020-11-05 21:19:04.372357
202,wobbuffet,,202,190,33,58,33,58,33,13,285,2020-11-05 21:19:05.08281,2020-11-05 21:19:05.08281
203,girafarig,,203,70,80,65,90,65,85,15,415,2020-11-05 21:19:05.992455,2020-11-05 21:19:05.992455
204,pineco,,204,50,65,90,35,35,15,6,72,2020-11-05 21:19:06.866355,2020-11-05 21:19:06.866355
205,forretress,,205,75,90,140,60,60,40,12,1258,2020-11-05 21:19:07.625571,2020-11-05 21:19:07.625571
206,dunsparce,,206,100,70,70,65,65,45,15,140,2020-11-05 21:19:08.446214,2020-11-05 21:19:08.446214
207,gligar,,207,65,75,105,35,65,85,11,648,2020-11-05 21:19:09.233017,2020-11-05 21:19:09.233017
208,steelix,,208,75,85,200,55,65,30,92,4000,2020-11-05 21:19:10.224554,2020-11-05 21:19:10.224554
209,snubbull,,209,60,80,50,40,40,30,6,78,2020-11-05 21:19:11.224713,2020-11-05 21:19:11.224713
210,granbull,,210,90,120,75,60,60,45,14,487,2020-11-05 21:19:12.091713,2020-11-05 21:19:12.091713
211,qwilfish,,211,65,95,85,55,55,85,5,39,2020-11-05 21:19:12.9634,2020-11-05 21:19:12.9634
212,scizor,,212,70,130,100,55,80,65,18,1180,2020-11-05 21:19:13.841231,2020-11-05 21:19:13.841231
213,shuckle,,213,20,10,230,10,230,5,6,205,2020-11-05 21:19:14.999901,2020-11-05 21:19:14.999901
214,heracross,,214,80,125,75,40,95,85,15,540,2020-11-05 21:19:16.046429,2020-11-05 21:19:16.046429
215,sneasel,,215,55,95,55,35,75,115,9,280,2020-11-05 21:19:16.989278,2020-11-05 21:19:16.989278
216,teddiursa,,216,60,80,50,50,50,40,6,88,2020-11-05 21:19:17.890335,2020-11-05 21:19:17.890335
217,ursaring,,217,90,130,75,75,75,55,18,1258,2020-11-05 21:19:18.888173,2020-11-05 21:19:18.888173
218,slugma,,218,40,40,40,70,40,20,7,350,2020-11-05 21:19:19.670238,2020-11-05 21:19:19.670238
219,magcargo,,219,60,50,120,90,80,30,8,550,2020-11-05 21:19:20.612109,2020-11-05 21:19:20.612109
220,swinub,,220,50,50,40,30,30,50,4,65,2020-11-05 21:19:21.484839,2020-11-05 21:19:21.484839
221,piloswine,,221,100,100,80,60,60,50,11,558,2020-11-05 21:19:22.251317,2020-11-05 21:19:22.251317
222,corsola,,222,65,55,95,65,95,35,6,50,2020-11-05 21:19:22.889657,2020-11-05 21:19:22.889657
223,remoraid,,223,35,65,35,65,35,65,6,120,2020-11-05 21:19:23.708648,2020-11-05 21:19:23.708648
224,octillery,,224,75,105,75,105,75,45,9,285,2020-11-05 21:19:24.283317,2020-11-05 21:19:24.283317
225,delibird,,225,45,55,45,65,45,75,9,160,2020-11-05 21:19:25.209628,2020-11-05 21:19:25.209628
226,mantine,,226,85,40,70,80,140,70,21,2200,2020-11-05 21:19:26.092839,2020-11-05 21:19:26.092839
227,skarmory,,227,65,80,140,40,70,70,17,505,2020-11-05 21:19:26.979905,2020-11-05 21:19:26.979905
228,houndour,,228,45,60,30,80,50,65,6,108,2020-11-05 21:19:27.826687,2020-11-05 21:19:27.826687
229,houndoom,,229,75,90,50,110,80,95,14,350,2020-11-05 21:19:28.842646,2020-11-05 21:19:28.842646
230,kingdra,,230,75,95,95,95,95,85,18,1520,2020-11-05 21:19:29.686411,2020-11-05 21:19:29.686411
231,phanpy,,231,90,60,60,40,40,40,5,335,2020-11-05 21:19:30.510533,2020-11-05 21:19:30.510533
232,donphan,,232,90,120,120,60,60,50,11,1200,2020-11-05 21:19:31.230274,2020-11-05 21:19:31.230274
233,porygon2,,233,85,80,90,105,95,60,6,325,2020-11-05 21:19:31.974741,2020-11-05 21:19:31.974741
234,stantler,,234,73,95,62,85,65,85,14,712,2020-11-05 21:19:32.815913,2020-11-05 21:19:32.815913
235,smeargle,,235,55,20,35,20,45,75,12,580,2020-11-05 21:19:33.581856,2020-11-05 21:19:33.581856
236,tyrogue,,236,35,35,35,35,35,35,7,210,2020-11-05 21:19:34.351041,2020-11-05 21:19:34.351041
237,hitmontop,,237,50,95,95,35,110,70,14,480,2020-11-05 21:19:34.94238,2020-11-05 21:19:34.94238
238,smoochum,,238,45,30,15,85,65,65,4,60,2020-11-05 21:19:35.69937,2020-11-05 21:19:35.69937
239,elekid,,239,45,63,37,65,55,95,6,235,2020-11-05 21:19:36.6071,2020-11-05 21:19:36.6071
240,magby,,240,45,75,37,70,55,83,7,214,2020-11-05 21:19:37.30591,2020-11-05 21:19:37.30591
241,miltank,,241,95,80,105,40,70,100,12,755,2020-11-05 21:19:38.078069,2020-11-05 21:19:38.078069
242,blissey,,242,255,10,10,75,135,55,15,468,2020-11-05 21:19:38.924425,2020-11-05 21:19:38.924425
243,raikou,,243,90,85,75,115,100,115,19,1780,2020-11-05 21:19:39.707906,2020-11-05 21:19:39.707906
244,entei,,244,115,115,85,90,75,100,21,1980,2020-11-05 21:19:40.437424,2020-11-05 21:19:40.437424
245,suicune,,245,100,75,115,90,115,85,20,1870,2020-11-05 21:19:41.290335,2020-11-05 21:19:41.290335
246,larvitar,,246,50,64,50,45,50,41,6,720,2020-11-05 21:19:41.972907,2020-11-05 21:19:41.972907
247,pupitar,,247,70,84,70,65,70,51,12,1520,2020-11-05 21:19:42.771748,2020-11-05 21:19:42.771748
248,tyranitar,,248,100,134,110,95,100,61,20,2020,2020-11-05 21:19:43.430777,2020-11-05 21:19:43.430777
249,lugia,,249,106,90,130,90,154,110,52,2160,2020-11-05 21:19:44.291966,2020-11-05 21:19:44.291966
250,ho_oh,,250,106,130,90,110,154,90,38,1990,2020-11-05 21:19:45.317973,2020-11-05 21:19:45.317973
251,celebi,,251,100,100,100,100,100,100,6,50,2020-11-05 21:19:46.426535,2020-11-05 21:19:46.426535
252,treecko,,252,40,45,35,65,55,70,5,50,2020-11-05 21:19:47.346439,2020-11-05 21:19:47.346439
253,grovyle,,253,50,65,45,85,65,95,9,216,2020-11-05 21:19:47.975871,2020-11-05 21:19:47.975871
254,sceptile,,254,70,85,65,105,85,120,17,522,2020-11-05 21:19:49.443749,2020-11-05 21:19:49.443749
255,torchic,,255,45,60,40,70,50,45,4,25,2020-11-05 21:19:50.153581,2020-11-05 21:19:50.153581
256,combusken,,256,60,85,60,85,60,55,9,195,2020-11-05 21:19:50.849079,2020-11-05 21:19:50.849079
257,blaziken,,257,80,120,70,110,70,80,19,520,2020-11-05 21:19:51.681735,2020-11-05 21:19:51.681735
258,mudkip,,258,50,70,50,50,50,40,4,76,2020-11-05 21:19:52.475088,2020-11-05 21:19:52.475088
259,marshtomp,,259,70,85,70,60,70,50,7,280,2020-11-05 21:19:53.149287,2020-11-05 21:19:53.149287
260,swampert,,260,100,110,90,85,90,60,15,819,2020-11-05 21:19:53.961693,2020-11-05 21:19:53.961693
261,poochyena,,261,35,55,35,30,30,35,5,136,2020-11-05 21:19:54.705105,2020-11-05 21:19:54.705105
262,mightyena,,262,70,90,70,60,60,70,10,370,2020-11-05 21:19:55.418827,2020-11-05 21:19:55.418827
263,zigzagoon,,263,38,30,41,30,41,60,4,175,2020-11-05 21:19:57.198195,2020-11-05 21:19:57.198195
264,linoone,,264,78,70,61,50,61,100,5,325,2020-11-05 21:19:58.051924,2020-11-05 21:19:58.051924
265,wurmple,,265,45,45,35,20,30,20,3,36,2020-11-05 21:19:59.435317,2020-11-05 21:19:59.435317
266,silcoon,,266,50,35,55,25,25,15,6,100,2020-11-05 21:20:00.078331,2020-11-05 21:20:00.078331
267,beautifly,,267,60,70,50,100,50,65,10,284,2020-11-05 21:20:00.665806,2020-11-05 21:20:00.665806
268,cascoon,,268,50,35,55,25,25,15,7,115,2020-11-05 21:20:01.380012,2020-11-05 21:20:01.380012
269,dustox,,269,60,50,70,50,90,65,12,316,2020-11-05 21:20:02.201033,2020-11-05 21:20:02.201033
270,lotad,,270,40,30,30,40,50,30,5,26,2020-11-05 21:20:03.037128,2020-11-05 21:20:03.037128
271,lombre,,271,60,50,50,60,70,50,12,325,2020-11-05 21:20:04.56677,2020-11-05 21:20:04.56677
272,ludicolo,,272,80,70,70,90,100,70,15,550,2020-11-05 21:20:06.295274,2020-11-05 21:20:06.295274
273,seedot,,273,40,40,50,30,30,30,5,40,2020-11-05 21:20:07.273525,2020-11-05 21:20:07.273525
274,nuzleaf,,274,70,70,40,60,40,60,10,280,2020-11-05 21:20:08.024106,2020-11-05 21:20:08.024106
275,shiftry,,275,90,100,60,90,60,80,13,596,2020-11-05 21:20:08.838685,2020-11-05 21:20:08.838685
276,taillow,,276,40,55,30,30,30,85,3,23,2020-11-05 21:20:09.675334,2020-11-05 21:20:09.675334
277,swellow,,277,60,85,60,75,50,125,7,198,2020-11-05 21:20:10.437882,2020-11-05 21:20:10.437882
278,wingull,,278,40,30,30,55,30,85,6,95,2020-11-05 21:20:11.271733,2020-11-05 21:20:11.271733
279,pelipper,,279,60,50,100,95,70,65,12,280,2020-11-05 21:20:12.177134,2020-11-05 21:20:12.177134
280,ralts,,280,28,25,25,45,35,40,4,66,2020-11-05 21:20:13.11919,2020-11-05 21:20:13.11919
281,kirlia,,281,38,35,35,65,55,50,8,202,2020-11-05 21:20:14.134245,2020-11-05 21:20:14.134245
282,gardevoir,,282,68,65,65,125,115,80,16,484,2020-11-05 21:20:15.08157,2020-11-05 21:20:15.08157
283,surskit,,283,40,30,32,50,52,65,5,17,2020-11-05 21:20:15.917469,2020-11-05 21:20:15.917469
284,masquerain,,284,70,60,62,100,82,80,8,36,2020-11-05 21:20:16.656251,2020-11-05 21:20:16.656251
285,shroomish,,285,60,40,60,40,60,35,4,45,2020-11-05 21:20:17.563037,2020-11-05 21:20:17.563037
286,breloom,,286,60,130,80,60,60,70,12,392,2020-11-05 21:20:18.446152,2020-11-05 21:20:18.446152
287,slakoth,,287,60,60,60,35,35,30,8,240,2020-11-05 21:20:19.305207,2020-11-05 21:20:19.305207
288,vigoroth,,288,80,80,80,55,55,90,14,465,2020-11-05 21:20:19.928599,2020-11-05 21:20:19.928599
289,slaking,,289,150,160,100,95,65,100,20,1305,2020-11-05 21:20:20.521414,2020-11-05 21:20:20.521414
290,nincada,,290,31,45,90,30,30,40,5,55,2020-11-05 21:20:21.132557,2020-11-05 21:20:21.132557
291,ninjask,,291,61,90,45,50,50,160,8,120,2020-11-05 21:20:21.973306,2020-11-05 21:20:21.973306
292,shedinja,,292,1,90,45,30,30,40,8,12,2020-11-05 21:20:22.828016,2020-11-05 21:20:22.828016
293,whismur,,293,64,51,23,51,23,28,6,163,2020-11-05 21:20:23.569539,2020-11-05 21:20:23.569539
294,loudred,,294,84,71,43,71,43,48,10,405,2020-11-05 21:20:25.153148,2020-11-05 21:20:25.153148
295,exploud,,295,104,91,63,91,73,68,15,840,2020-11-05 21:20:25.692586,2020-11-05 21:20:25.692586
296,makuhita,,296,72,60,30,20,30,25,10,864,2020-11-05 21:20:26.316559,2020-11-05 21:20:26.316559
297,hariyama,,297,144,120,60,40,60,50,23,2538,2020-11-05 21:20:27.094094,2020-11-05 21:20:27.094094
298,azurill,,298,50,20,40,20,40,20,2,20,2020-11-05 21:20:27.852692,2020-11-05 21:20:27.852692
299,nosepass,,299,30,45,135,45,90,30,10,970,2020-11-05 21:20:28.721485,2020-11-05 21:20:28.721485
300,skitty,,300,50,45,45,35,35,50,6,110,2020-11-05 21:20:29.478726,2020-11-05 21:20:29.478726
301,delcatty,,301,70,65,65,55,55,90,11,326,2020-11-05 21:20:30.390824,2020-11-05 21:20:30.390824
302,sableye,,302,50,75,75,65,65,50,5,110,2020-11-05 21:20:31.176957,2020-11-05 21:20:31.176957
303,mawile,,303,50,85,85,55,55,50,6,115,2020-11-05 21:20:32.351931,2020-11-05 21:20:32.351931
304,aron,,304,50,70,100,40,40,30,4,600,2020-11-05 21:20:33.167106,2020-11-05 21:20:33.167106
305,lairon,,305,60,90,140,50,50,40,9,1200,2020-11-05 21:20:34.128796,2020-11-05 21:20:34.128796
306,aggron,,306,70,110,180,60,60,50,21,3600,2020-11-05 21:20:34.893872,2020-11-05 21:20:34.893872
307,meditite,,307,30,40,55,40,55,60,6,112,2020-11-05 21:20:36.419512,2020-11-05 21:20:36.419512
308,medicham,,308,60,60,75,60,75,80,13,315,2020-11-05 21:20:38.143569,2020-11-05 21:20:38.143569
309,electrike,,309,40,45,40,65,40,65,6,152,2020-11-05 21:20:39.277312,2020-11-05 21:20:39.277312
310,manectric,,310,70,75,60,105,60,105,15,402,2020-11-05 21:20:40.089475,2020-11-05 21:20:40.089475
311,plusle,,311,60,50,40,85,75,95,4,42,2020-11-05 21:20:40.895999,2020-11-05 21:20:40.895999
312,minun,,312,60,40,50,75,85,95,4,42,2020-11-05 21:20:41.588843,2020-11-05 21:20:41.588843
313,volbeat,,313,65,73,75,47,85,85,7,177,2020-11-05 21:20:42.232066,2020-11-05 21:20:42.232066
314,illumise,,314,65,47,75,73,85,85,6,177,2020-11-05 21:20:43.093474,2020-11-05 21:20:43.093474
315,roselia,,315,50,60,45,100,80,65,3,20,2020-11-05 21:20:43.854492,2020-11-05 21:20:43.854492
316,gulpin,,316,70,43,53,43,53,40,4,103,2020-11-05 21:20:44.734559,2020-11-05 21:20:44.734559
317,swalot,,317,100,73,83,73,83,55,17,800,2020-11-05 21:20:46.234788,2020-11-05 21:20:46.234788
318,carvanha,,318,45,90,20,65,20,65,8,208,2020-11-05 21:20:46.822507,2020-11-05 21:20:46.822507
319,sharpedo,,319,70,120,40,95,40,95,18,888,2020-11-05 21:20:47.548472,2020-11-05 21:20:47.548472
320,wailmer,,320,130,70,35,70,35,60,20,1300,2020-11-05 21:20:50.748256,2020-11-05 21:20:50.748256
321,wailord,,321,170,90,45,90,45,60,145,3980,2020-11-05 21:20:52.378616,2020-11-05 21:20:52.378616
322,numel,,322,60,60,40,65,45,35,7,240,2020-11-05 21:20:52.946773,2020-11-05 21:20:52.946773
323,camerupt,,323,70,100,70,105,75,40,19,2200,2020-11-05 21:20:53.85049,2020-11-05 21:20:53.85049
324,torkoal,,324,70,85,140,85,70,20,5,804,2020-11-05 21:20:55.449622,2020-11-05 21:20:55.449622
325,spoink,,325,60,25,35,70,80,60,7,306,2020-11-05 21:20:56.196949,2020-11-05 21:20:56.196949
326,grumpig,,326,80,45,65,90,110,80,9,715,2020-11-05 21:20:57.020254,2020-11-05 21:20:57.020254
327,spinda,,327,60,60,60,60,60,60,11,50,2020-11-05 21:20:57.829288,2020-11-05 21:20:57.829288
328,trapinch,,328,45,100,45,45,45,10,7,150,2020-11-05 21:20:58.676512,2020-11-05 21:20:58.676512
329,vibrava,,329,50,70,50,50,50,70,11,153,2020-11-05 21:20:59.434236,2020-11-05 21:20:59.434236
330,flygon,,330,80,100,80,80,80,100,20,820,2020-11-05 21:21:00.152918,2020-11-05 21:21:00.152918
331,cacnea,,331,50,85,40,85,40,35,4,513,2020-11-05 21:21:01.796092,2020-11-05 21:21:01.796092
332,cacturne,,332,70,115,60,115,60,55,13,774,2020-11-05 21:21:02.35876,2020-11-05 21:21:02.35876
333,swablu,,333,45,40,60,40,75,50,4,12,2020-11-05 21:21:03.226853,2020-11-05 21:21:03.226853
334,altaria,,334,75,70,90,70,105,80,11,206,2020-11-05 21:21:04.985968,2020-11-05 21:21:04.985968
335,zangoose,,335,73,115,60,60,60,90,13,403,2020-11-05 21:21:05.733129,2020-11-05 21:21:05.733129
336,seviper,,336,73,100,60,100,60,65,27,525,2020-11-05 21:21:06.399884,2020-11-05 21:21:06.399884
337,lunatone,,337,90,55,65,95,85,70,10,1680,2020-11-05 21:21:07.163017,2020-11-05 21:21:07.163017
338,solrock,,338,90,95,85,55,65,70,12,1540,2020-11-05 21:21:07.88271,2020-11-05 21:21:07.88271
339,barboach,,339,50,48,43,46,41,60,4,19,2020-11-05 21:21:08.56354,2020-11-05 21:21:08.56354
340,whiscash,,340,110,78,73,76,71,60,9,236,2020-11-05 21:21:09.379353,2020-11-05 21:21:09.379353
341,corphish,,341,43,80,65,50,35,35,6,115,2020-11-05 21:21:10.282345,2020-11-05 21:21:10.282345
342,crawdaunt,,342,63,120,85,90,55,55,11,328,2020-11-05 21:21:11.684454,2020-11-05 21:21:11.684454
343,baltoy,,343,40,40,55,40,70,55,5,215,2020-11-05 21:21:13.202318,2020-11-05 21:21:13.202318
344,claydol,,344,60,70,105,70,120,75,15,1080,2020-11-05 21:21:13.885514,2020-11-05 21:21:13.885514
345,lileep,,345,66,41,77,61,87,23,10,238,2020-11-05 21:21:15.124533,2020-11-05 21:21:15.124533
346,cradily,,346,86,81,97,81,107,43,15,604,2020-11-05 21:21:15.919661,2020-11-05 21:21:15.919661
347,anorith,,347,45,95,50,40,50,75,7,125,2020-11-05 21:21:16.712117,2020-11-05 21:21:16.712117
348,armaldo,,348,75,125,100,70,80,45,15,682,2020-11-05 21:21:17.524826,2020-11-05 21:21:17.524826
349,feebas,,349,20,15,20,10,55,80,6,74,2020-11-05 21:21:18.533681,2020-11-05 21:21:18.533681
350,milotic,,350,95,60,79,100,125,81,62,1620,2020-11-05 21:21:20.024928,2020-11-05 21:21:20.024928
351,castform,,351,70,70,70,70,70,70,3,8,2020-11-05 21:21:20.813492,2020-11-05 21:21:20.813492
352,kecleon,,352,60,90,70,60,120,40,10,220,2020-11-05 21:21:21.429796,2020-11-05 21:21:21.429796
353,shuppet,,353,44,75,35,63,33,45,6,23,2020-11-05 21:21:22.807259,2020-11-05 21:21:22.807259
354,banette,,354,64,115,65,83,63,65,11,125,2020-11-05 21:21:23.488798,2020-11-05 21:21:23.488798
355,duskull,,355,20,40,90,30,90,25,8,150,2020-11-05 21:21:25.15801,2020-11-05 21:21:25.15801
356,dusclops,,356,40,70,130,60,130,25,16,306,2020-11-05 21:21:26.390269,2020-11-05 21:21:26.390269
357,tropius,,357,99,68,83,72,87,51,20,1000,2020-11-05 21:21:27.072135,2020-11-05 21:21:27.072135
358,chimecho,,358,75,50,80,95,90,65,6,10,2020-11-05 21:21:28.305691,2020-11-05 21:21:28.305691
359,absol,,359,65,130,60,75,60,75,12,470,2020-11-05 21:21:29.069609,2020-11-05 21:21:29.069609
360,wynaut,,360,95,23,48,23,48,23,6,140,2020-11-05 21:21:30.340598,2020-11-05 21:21:30.340598
361,snorunt,,361,50,50,50,50,50,50,7,168,2020-11-05 21:21:32.015729,2020-11-05 21:21:32.015729
362,glalie,,362,80,80,80,80,80,80,15,2565,2020-11-05 21:21:32.762857,2020-11-05 21:21:32.762857
363,spheal,,363,70,40,50,55,50,25,8,395,2020-11-05 21:21:34.298401,2020-11-05 21:21:34.298401
364,sealeo,,364,90,60,70,75,70,45,11,876,2020-11-05 21:21:35.999393,2020-11-05 21:21:35.999393
365,walrein,,365,110,80,90,95,90,65,14,1506,2020-11-05 21:21:36.822593,2020-11-05 21:21:36.822593
366,clamperl,,366,35,64,85,74,55,32,4,525,2020-11-05 21:21:37.83002,2020-11-05 21:21:37.83002
367,huntail,,367,55,104,105,94,75,52,17,270,2020-11-05 21:21:38.658129,2020-11-05 21:21:38.658129
368,gorebyss,,368,55,84,105,114,75,52,18,226,2020-11-05 21:21:40.003882,2020-11-05 21:21:40.003882
369,relicanth,,369,100,90,130,45,65,55,10,234,2020-11-05 21:21:40.687366,2020-11-05 21:21:40.687366
370,luvdisc,,370,43,30,55,40,65,97,6,87,2020-11-05 21:21:42.532576,2020-11-05 21:21:42.532576
371,bagon,,371,45,75,60,40,30,50,6,421,2020-11-05 21:21:43.082709,2020-11-05 21:21:43.082709
372,shelgon,,372,65,95,100,60,50,50,11,1105,2020-11-05 21:21:43.819647,2020-11-05 21:21:43.819647
373,salamence,,373,95,135,80,110,80,100,15,1026,2020-11-05 21:21:45.216812,2020-11-05 21:21:45.216812
374,beldum,,374,40,55,80,35,60,30,6,952,2020-11-05 21:21:46.030819,2020-11-05 21:21:46.030819
375,metang,,375,60,75,100,55,80,50,12,2025,2020-11-05 21:21:46.855384,2020-11-05 21:21:46.855384
376,metagross,,376,80,135,130,95,90,70,16,5500,2020-11-05 21:21:48.229836,2020-11-05 21:21:48.229836
377,regirock,,377,80,100,200,50,100,50,17,2300,2020-11-05 21:21:50.186153,2020-11-05 21:21:50.186153
378,regice,,378,80,50,100,100,200,50,18,1750,2020-11-05 21:21:50.754347,2020-11-05 21:21:50.754347
379,registeel,,379,80,75,150,75,150,50,19,2050,2020-11-05 21:21:51.489342,2020-11-05 21:21:51.489342
380,latias,,380,80,80,90,110,130,110,14,400,2020-11-05 21:21:52.16949,2020-11-05 21:21:52.16949
381,latios,,381,80,90,80,130,110,110,20,600,2020-11-05 21:21:52.885155,2020-11-05 21:21:52.885155
382,kyogre,,382,100,100,90,150,140,90,45,3520,2020-11-05 21:21:53.866334,2020-11-05 21:21:53.866334
383,groudon,,383,100,150,140,100,90,90,35,9500,2020-11-05 21:21:54.56585,2020-11-05 21:21:54.56585
384,rayquaza,,384,105,150,90,150,90,95,70,2065,2020-11-05 21:21:55.136962,2020-11-05 21:21:55.136962
385,jirachi,,385,100,100,100,100,100,100,3,11,2020-11-05 21:21:56.481655,2020-11-05 21:21:56.481655
386,deoxys_normal,,386,50,150,50,150,50,150,17,608,2020-11-05 21:21:58.325891,2020-11-05 21:21:58.325891
387,turtwig,,387,55,68,64,45,55,31,4,102,2020-11-05 21:21:58.854984,2020-11-05 21:21:58.854984
388,grotle,,388,75,89,85,55,65,36,11,970,2020-11-05 21:21:59.554989,2020-11-05 21:21:59.554989
389,torterra,,389,95,109,105,75,85,56,22,3100,2020-11-05 21:22:00.198515,2020-11-05 21:22:00.198515
390,chimchar,,390,44,58,44,58,44,61,5,62,2020-11-05 21:22:01.255996,2020-11-05 21:22:01.255996
391,monferno,,391,64,78,52,78,52,81,9,220,2020-11-05 21:22:01.936595,2020-11-05 21:22:01.936595
392,infernape,,392,76,104,71,104,71,108,12,550,2020-11-05 21:22:02.762677,2020-11-05 21:22:02.762677
393,piplup,,393,53,51,53,61,56,40,4,52,2020-11-05 21:22:03.655741,2020-11-05 21:22:03.655741
394,prinplup,,394,64,66,68,81,76,50,8,230,2020-11-05 21:22:04.457497,2020-11-05 21:22:04.457497
395,empoleon,,395,84,86,88,111,101,60,17,845,2020-11-05 21:22:05.163238,2020-11-05 21:22:05.163238
396,starly,,396,40,55,30,30,30,60,3,20,2020-11-05 21:22:05.916207,2020-11-05 21:22:05.916207
397,staravia,,397,55,75,50,40,40,80,6,155,2020-11-05 21:22:06.682458,2020-11-05 21:22:06.682458
398,staraptor,,398,85,120,70,50,60,100,12,249,2020-11-05 21:22:07.471774,2020-11-05 21:22:07.471774
399,bidoof,,399,59,45,40,35,40,31,5,200,2020-11-05 21:22:08.236358,2020-11-05 21:22:08.236358
400,bibarel,,400,79,85,60,55,60,71,10,315,2020-11-05 21:22:09.19941,2020-11-05 21:22:09.19941
401,kricketot,,401,37,25,41,25,41,25,3,22,2020-11-05 21:22:10.032067,2020-11-05 21:22:10.032067
402,kricketune,,402,77,85,51,55,51,65,10,255,2020-11-05 21:22:10.748674,2020-11-05 21:22:10.748674
403,shinx,,403,45,65,34,40,34,45,5,95,2020-11-05 21:22:12.042665,2020-11-05 21:22:12.042665
404,luxio,,404,60,85,49,60,49,60,9,305,2020-11-05 21:22:12.602215,2020-11-05 21:22:12.602215
405,luxray,,405,80,120,79,95,79,70,14,420,2020-11-05 21:22:13.184795,2020-11-05 21:22:13.184795
406,budew,,406,40,30,35,50,70,55,2,12,2020-11-05 21:22:13.656862,2020-11-05 21:22:13.656862
407,roserade,,407,60,70,65,125,105,90,9,145,2020-11-05 21:22:14.587195,2020-11-05 21:22:14.587195
408,cranidos,,408,67,125,40,30,30,58,9,315,2020-11-05 21:22:15.485344,2020-11-05 21:22:15.485344
409,rampardos,,409,97,165,60,65,50,58,16,1025,2020-11-05 21:22:16.162065,2020-11-05 21:22:16.162065
410,shieldon,,410,30,42,118,42,88,30,5,570,2020-11-05 21:22:16.835276,2020-11-05 21:22:16.835276
411,bastiodon,,411,60,52,168,47,138,30,13,1495,2020-11-05 21:22:17.633231,2020-11-05 21:22:17.633231
412,burmy,,412,40,29,45,29,45,36,2,34,2020-11-05 21:22:18.346183,2020-11-05 21:22:18.346183
413,wormadam,,413,60,59,85,79,105,36,5,65,2020-11-05 21:22:19.183882,2020-11-05 21:22:19.183882
414,mothim,,414,70,94,50,94,50,66,9,233,2020-11-05 21:22:20.002192,2020-11-05 21:22:20.002192
415,combee,,415,30,30,42,30,42,70,3,55,2020-11-05 21:22:20.747626,2020-11-05 21:22:20.747626
416,vespiquen,,416,70,80,102,80,102,40,12,385,2020-11-05 21:22:21.5548,2020-11-05 21:22:21.5548
417,pachirisu,,417,60,45,70,45,90,95,4,39,2020-11-05 21:22:22.897608,2020-11-05 21:22:22.897608
418,buizel,,418,55,65,35,60,30,85,7,295,2020-11-05 21:22:23.69164,2020-11-05 21:22:23.69164
419,floatzel,,419,85,105,55,85,50,115,11,335,2020-11-05 21:22:24.396481,2020-11-05 21:22:24.396481
420,cherubi,,420,45,35,45,62,53,35,4,33,2020-11-05 21:22:25.068145,2020-11-05 21:22:25.068145
421,cherrim,,421,70,60,70,87,78,85,5,93,2020-11-05 21:22:25.64097,2020-11-05 21:22:25.64097
422,shellos,,422,76,48,48,57,62,34,3,63,2020-11-05 21:22:26.201789,2020-11-05 21:22:26.201789
423,gastrodon,,423,111,83,68,92,82,39,9,299,2020-11-05 21:22:27.046558,2020-11-05 21:22:27.046558
424,ambipom,,424,75,100,66,60,66,115,12,203,2020-11-05 21:22:28.54321,2020-11-05 21:22:28.54321
425,drifloon,,425,90,50,34,60,44,70,4,12,2020-11-05 21:22:29.289214,2020-11-05 21:22:29.289214
426,drifblim,,426,150,80,44,90,54,80,12,150,2020-11-05 21:22:30.200188,2020-11-05 21:22:30.200188
427,buneary,,427,55,66,44,44,56,85,4,55,2020-11-05 21:22:31.924249,2020-11-05 21:22:31.924249
428,lopunny,,428,65,76,84,54,96,105,12,333,2020-11-05 21:22:32.673273,2020-11-05 21:22:32.673273
429,mismagius,,429,60,60,60,105,105,105,9,44,2020-11-05 21:22:33.595066,2020-11-05 21:22:33.595066
430,honchkrow,,430,100,125,52,105,52,71,9,273,2020-11-05 21:22:34.270284,2020-11-05 21:22:34.270284
431,glameow,,431,49,55,42,42,37,85,5,39,2020-11-05 21:22:34.894758,2020-11-05 21:22:34.894758
432,purugly,,432,71,82,64,64,59,112,10,438,2020-11-05 21:22:35.644194,2020-11-05 21:22:35.644194
433,chingling,,433,45,30,50,65,50,45,2,6,2020-11-05 21:22:36.393566,2020-11-05 21:22:36.393566
434,stunky,,434,63,63,47,41,41,74,4,192,2020-11-05 21:22:37.06486,2020-11-05 21:22:37.06486
435,skuntank,,435,103,93,67,71,61,84,10,380,2020-11-05 21:22:37.887703,2020-11-05 21:22:37.887703
436,bronzor,,436,57,24,86,24,86,23,5,605,2020-11-05 21:22:38.792143,2020-11-05 21:22:38.792143
437,bronzong,,437,67,89,116,79,116,33,13,1870,2020-11-05 21:22:40.611453,2020-11-05 21:22:40.611453
438,bonsly,,438,50,80,95,10,45,10,5,150,2020-11-05 21:22:41.446568,2020-11-05 21:22:41.446568
439,mime_jr,,439,20,25,45,70,90,60,6,130,2020-11-05 21:22:42.879219,2020-11-05 21:22:42.879219
440,happiny,,440,100,5,5,15,65,30,6,244,2020-11-05 21:22:43.749006,2020-11-05 21:22:43.749006
441,chatot,,441,76,65,45,92,42,91,5,19,2020-11-05 21:22:44.798423,2020-11-05 21:22:44.798423
442,spiritomb,,442,50,92,108,92,108,35,10,1080,2020-11-05 21:22:45.6462,2020-11-05 21:22:45.6462
443,gible,,443,58,70,45,40,45,42,7,205,2020-11-05 21:22:46.432195,2020-11-05 21:22:46.432195
444,gabite,,444,68,90,65,50,55,82,14,560,2020-11-05 21:22:47.270844,2020-11-05 21:22:47.270844
445,garchomp,,445,108,130,95,80,85,102,19,950,2020-11-05 21:22:48.075935,2020-11-05 21:22:48.075935
446,munchlax,,446,135,85,40,40,85,5,6,1050,2020-11-05 21:22:48.930036,2020-11-05 21:22:48.930036
447,riolu,,447,40,70,40,35,40,60,7,202,2020-11-05 21:22:49.648566,2020-11-05 21:22:49.648566
448,lucario,,448,70,110,70,115,70,90,12,540,2020-11-05 21:22:50.550383,2020-11-05 21:22:50.550383
449,hippopotas,,449,68,72,78,38,42,32,8,495,2020-11-05 21:22:51.322112,2020-11-05 21:22:51.322112
450,hippowdon,,450,108,112,118,68,72,47,20,3000,2020-11-05 21:22:51.832763,2020-11-05 21:22:51.832763
451,skorupi,,451,40,50,90,30,55,65,8,120,2020-11-05 21:22:53.500233,2020-11-05 21:22:53.500233
452,drapion,,452,70,90,110,60,75,95,13,615,2020-11-05 21:22:54.35214,2020-11-05 21:22:54.35214
453,croagunk,,453,48,61,40,61,40,50,7,230,2020-11-05 21:22:55.293814,2020-11-05 21:22:55.293814
454,toxicroak,,454,83,106,65,86,65,85,13,444,2020-11-05 21:22:56.159876,2020-11-05 21:22:56.159876
455,carnivine,,455,74,100,72,90,72,46,14,270,2020-11-05 21:22:57.828112,2020-11-05 21:22:57.828112
456,finneon,,456,49,49,56,49,61,66,4,70,2020-11-05 21:22:58.299299,2020-11-05 21:22:58.299299
457,lumineon,,457,69,69,76,69,86,91,12,240,2020-11-05 21:22:59.117213,2020-11-05 21:22:59.117213
458,mantyke,,458,45,20,50,60,120,50,10,650,2020-11-05 21:22:59.912372,2020-11-05 21:22:59.912372
459,snover,,459,60,62,50,62,60,40,10,505,2020-11-05 21:23:01.519109,2020-11-05 21:23:01.519109
460,abomasnow,,460,90,92,75,92,85,60,22,1355,2020-11-05 21:23:02.947676,2020-11-05 21:23:02.947676
461,weavile,,461,70,120,65,45,85,125,11,340,2020-11-05 21:23:03.730377,2020-11-05 21:23:03.730377
462,magnezone,,462,70,70,115,130,90,60,12,1800,2020-11-05 21:23:04.53163,2020-11-05 21:23:04.53163
463,lickilicky,,463,110,85,95,80,95,50,17,1400,2020-11-05 21:23:05.522367,2020-11-05 21:23:05.522367
464,rhyperior,,464,115,140,130,55,55,40,24,2828,2020-11-05 21:23:06.322185,2020-11-05 21:23:06.322185
465,tangrowth,,465,100,100,125,110,50,50,20,1286,2020-11-05 21:23:07.170725,2020-11-05 21:23:07.170725
466,electivire,,466,75,123,67,95,85,95,18,1386,2020-11-05 21:23:07.941613,2020-11-05 21:23:07.941613
467,magmortar,,467,75,95,67,125,95,83,16,680,2020-11-05 21:23:09.616155,2020-11-05 21:23:09.616155
468,togekiss,,468,85,50,95,120,115,80,15,380,2020-11-05 21:23:11.240502,2020-11-05 21:23:11.240502
469,yanmega,,469,86,76,86,116,56,95,19,515,2020-11-05 21:23:11.961292,2020-11-05 21:23:11.961292
470,leafeon,,470,65,110,130,60,65,95,10,255,2020-11-05 21:23:12.830368,2020-11-05 21:23:12.830368
471,glaceon,,471,65,60,110,130,95,65,8,259,2020-11-05 21:23:14.414428,2020-11-05 21:23:14.414428
472,gliscor,,472,75,95,125,45,75,95,20,425,2020-11-05 21:23:15.128973,2020-11-05 21:23:15.128973
473,mamoswine,,473,110,130,80,70,60,80,25,2910,2020-11-05 21:23:15.944638,2020-11-05 21:23:15.944638
474,porygon_z,,474,85,80,70,135,75,90,9,340,2020-11-05 21:23:17.489228,2020-11-05 21:23:17.489228
475,gallade,,475,68,125,65,65,115,80,16,520,2020-11-05 21:23:18.258206,2020-11-05 21:23:18.258206
476,probopass,,476,60,55,145,75,150,40,14,3400,2020-11-05 21:23:19.047142,2020-11-05 21:23:19.047142
477,dusknoir,,477,45,100,135,65,135,45,22,1066,2020-11-05 21:23:19.891861,2020-11-05 21:23:19.891861
478,froslass,,478,70,80,70,80,70,110,13,266,2020-11-05 21:23:20.634486,2020-11-05 21:23:20.634486
479,rotom,,479,50,50,77,95,77,91,3,3,2020-11-05 21:23:22.188175,2020-11-05 21:23:22.188175
480,uxie,,480,75,75,130,75,130,95,3,3,2020-11-05 21:23:22.86086,2020-11-05 21:23:22.86086
481,mesprit,,481,80,105,105,105,105,80,3,3,2020-11-05 21:23:23.397273,2020-11-05 21:23:23.397273
482,azelf,,482,75,125,70,125,70,115,3,3,2020-11-05 21:23:24.036259,2020-11-05 21:23:24.036259
483,dialga,,483,100,120,120,150,100,90,54,6830,2020-11-05 21:23:24.649873,2020-11-05 21:23:24.649873
484,palkia,,484,90,120,100,150,120,100,42,3360,2020-11-05 21:23:25.53714,2020-11-05 21:23:25.53714
485,heatran,,485,91,90,106,130,106,77,17,4300,2020-11-05 21:23:26.212962,2020-11-05 21:23:26.212962
486,regigigas,,486,110,160,110,80,110,100,37,4200,2020-11-05 21:23:27.016691,2020-11-05 21:23:27.016691
487,giratina,,487,150,100,120,100,120,90,45,7500,2020-11-05 21:23:27.579467,2020-11-05 21:23:27.579467
488,cresselia,,488,120,70,120,75,130,85,15,856,2020-11-05 21:23:29.164495,2020-11-05 21:23:29.164495
489,phione,,489,80,80,80,80,80,80,4,31,2020-11-05 21:23:30.387454,2020-11-05 21:23:30.387454
490,manaphy,,490,100,100,100,100,100,100,3,14,2020-11-05 21:23:30.773021,2020-11-05 21:23:30.773021
491,darkrai,,491,70,90,90,135,90,125,15,505,2020-11-05 21:23:31.916969,2020-11-05 21:23:31.916969
492,shaymin,,492,100,100,100,100,100,100,2,21,2020-11-05 21:23:33.245881,2020-11-05 21:23:33.245881
493,arceus,,493,120,120,120,120,120,120,32,3200,2020-11-05 21:23:33.728368,2020-11-05 21:23:33.728368
494,victini,,494,100,100,100,100,100,100,4,40,2020-11-05 21:23:34.307087,2020-11-05 21:23:34.307087
495,snivy,,495,45,45,55,45,55,63,6,81,2020-11-05 21:23:34.852626,2020-11-05 21:23:34.852626
496,servine,,496,60,60,75,60,75,83,8,160,2020-11-05 21:23:35.534703,2020-11-05 21:23:35.534703
497,serperior,,497,75,75,95,75,95,113,33,630,2020-11-05 21:23:37.067774,2020-11-05 21:23:37.067774
498,tepig,,498,65,63,45,45,45,45,5,99,2020-11-05 21:23:38.170772,2020-11-05 21:23:38.170772
499,pignite,,499,90,93,55,70,55,55,10,555,2020-11-05 21:23:38.871481,2020-11-05 21:23:38.871481
500,emboar,,500,110,123,65,100,65,65,16,1500,2020-11-05 21:23:39.662652,2020-11-05 21:23:39.662652
501,oshawott,,501,55,55,45,63,45,45,5,59,2020-11-05 21:23:40.519503,2020-11-05 21:23:40.519503
502,dewott,,502,75,75,60,83,60,60,8,245,2020-11-05 21:23:41.922527,2020-11-05 21:23:41.922527
503,samurott,,503,95,100,85,108,70,70,15,946,2020-11-05 21:23:42.600496,2020-11-05 21:23:42.600496
504,patrat,,504,45,55,39,35,39,42,5,116,2020-11-05 21:23:43.248674,2020-11-05 21:23:43.248674
505,watchog,,505,60,85,69,60,69,77,11,270,2020-11-05 21:23:44.148151,2020-11-05 21:23:44.148151
506,lillipup,,506,45,60,45,25,45,55,4,41,2020-11-05 21:23:44.856692,2020-11-05 21:23:44.856692
507,herdier,,507,65,80,65,35,65,60,9,147,2020-11-05 21:23:45.681112,2020-11-05 21:23:45.681112
508,stoutland,,508,85,110,90,45,90,80,12,610,2020-11-05 21:23:46.446446,2020-11-05 21:23:46.446446
509,purrloin,,509,41,50,37,50,37,66,4,101,2020-11-05 21:23:47.185383,2020-11-05 21:23:47.185383
510,liepard,,510,64,88,50,88,50,106,11,375,2020-11-05 21:23:48.616183,2020-11-05 21:23:48.616183
511,pansage,,511,50,53,48,53,48,64,6,105,2020-11-05 21:23:49.41764,2020-11-05 21:23:49.41764
512,simisage,,512,75,98,63,98,63,101,11,305,2020-11-05 21:23:50.208362,2020-11-05 21:23:50.208362
513,pansear,,513,50,53,48,53,48,64,6,110,2020-11-05 21:23:50.835836,2020-11-05 21:23:50.835836
514,simisear,,514,75,98,63,98,63,101,10,280,2020-11-05 21:23:51.524939,2020-11-05 21:23:51.524939
515,panpour,,515,50,53,48,53,48,64,6,135,2020-11-05 21:23:52.178693,2020-11-05 21:23:52.178693
516,simipour,,516,75,98,63,98,63,101,10,290,2020-11-05 21:23:52.906494,2020-11-05 21:23:52.906494
517,munna,,517,76,25,45,67,55,24,6,233,2020-11-05 21:23:53.616402,2020-11-05 21:23:53.616402
518,musharna,,518,116,55,85,107,95,29,11,605,2020-11-05 21:23:54.429318,2020-11-05 21:23:54.429318
519,pidove,,519,50,55,50,36,30,43,3,21,2020-11-05 21:23:55.171356,2020-11-05 21:23:55.171356
520,tranquill,,520,62,77,62,50,42,65,6,150,2020-11-05 21:23:55.993933,2020-11-05 21:23:55.993933
521,unfezant,,521,80,115,80,65,55,93,12,290,2020-11-05 21:23:56.738622,2020-11-05 21:23:56.738622
522,blitzle,,522,45,60,32,50,32,76,8,298,2020-11-05 21:23:57.589192,2020-11-05 21:23:57.589192
523,zebstrika,,523,75,100,63,80,63,116,16,795,2020-11-05 21:23:58.362255,2020-11-05 21:23:58.362255
524,roggenrola,,524,55,75,85,25,25,15,4,180,2020-11-05 21:23:59.1288,2020-11-05 21:23:59.1288
525,boldore,,525,70,105,105,50,40,20,9,1020,2020-11-05 21:24:00.911995,2020-11-05 21:24:00.911995
526,gigalith,,526,85,135,130,60,80,25,17,2600,2020-11-05 21:24:02.328061,2020-11-05 21:24:02.328061
527,woobat,,527,65,45,43,55,43,72,4,21,2020-11-05 21:24:03.112339,2020-11-05 21:24:03.112339
528,swoobat,,528,67,57,55,77,55,114,9,105,2020-11-05 21:24:04.552188,2020-11-05 21:24:04.552188
529,drilbur,,529,60,85,40,30,45,68,3,85,2020-11-05 21:24:05.417963,2020-11-05 21:24:05.417963
530,excadrill,,530,110,135,60,50,65,88,7,404,2020-11-05 21:24:06.187691,2020-11-05 21:24:06.187691
531,audino,,531,103,60,86,60,86,50,11,310,2020-11-05 21:24:07.370255,2020-11-05 21:24:07.370255
532,timburr,,532,75,80,55,25,35,35,6,125,2020-11-05 21:24:08.638481,2020-11-05 21:24:08.638481
533,gurdurr,,533,85,105,85,40,50,40,12,400,2020-11-05 21:24:09.256064,2020-11-05 21:24:09.256064
534,conkeldurr,,534,105,140,95,55,65,45,14,870,2020-11-05 21:24:10.589408,2020-11-05 21:24:10.589408
535,tympole,,535,50,50,40,50,40,64,5,45,2020-11-05 21:24:11.777723,2020-11-05 21:24:11.777723
536,palpitoad,,536,75,65,55,65,55,69,8,170,2020-11-05 21:24:12.378483,2020-11-05 21:24:12.378483
537,seismitoad,,537,105,95,75,85,75,74,15,620,2020-11-05 21:24:13.594636,2020-11-05 21:24:13.594636
538,throh,,538,120,100,85,30,85,45,13,555,2020-11-05 21:24:14.169167,2020-11-05 21:24:14.169167
539,sawk,,539,75,125,75,30,75,85,14,510,2020-11-05 21:24:15.208422,2020-11-05 21:24:15.208422
540,sewaddle,,540,45,53,70,40,60,42,3,25,2020-11-05 21:24:15.658686,2020-11-05 21:24:15.658686
541,swadloon,,541,55,63,90,50,80,42,5,73,2020-11-05 21:24:16.199213,2020-11-05 21:24:16.199213
542,leavanny,,542,75,103,80,70,80,92,12,205,2020-11-05 21:24:16.78373,2020-11-05 21:24:16.78373
543,venipede,,543,30,45,59,30,39,57,4,53,2020-11-05 21:24:17.403255,2020-11-05 21:24:17.403255
544,whirlipede,,544,40,55,99,40,79,47,12,585,2020-11-05 21:24:17.974222,2020-11-05 21:24:17.974222
545,scolipede,,545,60,100,89,55,69,112,25,2005,2020-11-05 21:24:18.55541,2020-11-05 21:24:18.55541
546,cottonee,,546,40,27,60,37,50,66,3,6,2020-11-05 21:24:19.222343,2020-11-05 21:24:19.222343
547,whimsicott,,547,60,67,85,77,75,116,7,66,2020-11-05 21:24:20.472833,2020-11-05 21:24:20.472833
548,petilil,,548,45,35,50,70,50,30,5,66,2020-11-05 21:24:21.137037,2020-11-05 21:24:21.137037
549,lilligant,,549,70,60,75,110,75,90,11,163,2020-11-05 21:24:21.696135,2020-11-05 21:24:21.696135
550,basculin_red_striped,,550,70,92,65,80,55,98,10,180,2020-11-05 21:24:22.311294,2020-11-05 21:24:22.311294
551,sandile,,551,50,72,35,35,35,65,7,152,2020-11-05 21:24:23.407151,2020-11-05 21:24:23.407151
552,krokorok,,552,60,82,45,45,45,74,10,334,2020-11-05 21:24:23.916938,2020-11-05 21:24:23.916938
553,krookodile,,553,95,117,80,65,70,92,15,963,2020-11-05 21:24:24.610513,2020-11-05 21:24:24.610513
554,darumaka,,554,70,90,45,15,45,50,6,375,2020-11-05 21:24:25.249797,2020-11-05 21:24:25.249797
555,darmanitan_standard,,555,105,140,55,30,55,95,13,929,2020-11-05 21:24:26.407919,2020-11-05 21:24:26.407919
556,maractus,,556,75,86,67,106,67,60,10,280,2020-11-05 21:24:26.970409,2020-11-05 21:24:26.970409
557,dwebble,,557,50,65,85,35,35,55,3,145,2020-11-05 21:24:27.45728,2020-11-05 21:24:27.45728
558,crustle,,558,70,105,125,65,75,45,14,2000,2020-11-05 21:24:28.011126,2020-11-05 21:24:28.011126
559,scraggy,,559,50,75,70,35,70,48,6,118,2020-11-05 21:24:28.720079,2020-11-05 21:24:28.720079
560,scrafty,,560,65,90,115,45,115,58,11,300,2020-11-05 21:24:29.535728,2020-11-05 21:24:29.535728
561,sigilyph,,561,72,58,80,103,80,97,14,140,2020-11-05 21:24:30.295153,2020-11-05 21:24:30.295153
562,yamask,,562,38,30,85,55,65,30,5,15,2020-11-05 21:24:30.949486,2020-11-05 21:24:30.949486
563,cofagrigus,,563,58,50,145,95,105,30,17,765,2020-11-05 21:24:32.008496,2020-11-05 21:24:32.008496
564,tirtouga,,564,54,78,103,53,45,22,7,165,2020-11-05 21:24:32.389385,2020-11-05 21:24:32.389385
565,carracosta,,565,74,108,133,83,65,32,12,810,2020-11-05 21:24:32.895799,2020-11-05 21:24:32.895799
566,archen,,566,55,112,45,74,45,70,5,95,2020-11-05 21:24:34.202106,2020-11-05 21:24:34.202106
567,archeops,,567,75,140,65,112,65,110,14,320,2020-11-05 21:24:35.589325,2020-11-05 21:24:35.589325
568,trubbish,,568,50,50,62,40,62,65,6,310,2020-11-05 21:24:36.230094,2020-11-05 21:24:36.230094
569,garbodor,,569,80,95,82,60,82,75,19,1073,2020-11-05 21:24:36.817061,2020-11-05 21:24:36.817061
570,zorua,,570,40,65,40,80,40,65,7,125,2020-11-05 21:24:37.804565,2020-11-05 21:24:37.804565
571,zoroark,,571,60,105,60,120,60,105,16,811,2020-11-05 21:24:38.207553,2020-11-05 21:24:38.207553
572,minccino,,572,55,50,40,40,40,75,4,58,2020-11-05 21:24:38.657282,2020-11-05 21:24:38.657282
573,cinccino,,573,75,95,60,65,60,115,5,75,2020-11-05 21:24:39.359158,2020-11-05 21:24:39.359158
574,gothita,,574,45,30,50,55,65,45,4,58,2020-11-05 21:24:41.119052,2020-11-05 21:24:41.119052
575,gothorita,,575,60,45,70,75,85,55,7,180,2020-11-05 21:24:41.731844,2020-11-05 21:24:41.731844
576,gothitelle,,576,70,55,95,95,110,65,15,440,2020-11-05 21:24:42.363782,2020-11-05 21:24:42.363782
577,solosis,,577,45,30,40,105,50,20,3,10,2020-11-05 21:24:43.098254,2020-11-05 21:24:43.098254
578,duosion,,578,65,40,50,125,60,30,6,80,2020-11-05 21:24:43.672226,2020-11-05 21:24:43.672226
579,reuniclus,,579,110,65,75,125,85,30,10,201,2020-11-05 21:24:44.30291,2020-11-05 21:24:44.30291
580,ducklett,,580,62,44,50,44,50,55,5,55,2020-11-05 21:24:45.017767,2020-11-05 21:24:45.017767
581,swanna,,581,75,87,63,87,63,98,13,242,2020-11-05 21:24:46.695157,2020-11-05 21:24:46.695157
582,vanillite,,582,36,50,50,65,60,44,4,57,2020-11-05 21:24:47.390884,2020-11-05 21:24:47.390884
583,vanillish,,583,51,65,65,80,75,59,11,410,2020-11-05 21:24:48.00802,2020-11-05 21:24:48.00802
584,vanilluxe,,584,71,95,85,110,95,79,13,575,2020-11-05 21:24:49.391965,2020-11-05 21:24:49.391965
585,deerling,,585,60,60,50,40,50,75,6,195,2020-11-05 21:24:50.182592,2020-11-05 21:24:50.182592
586,sawsbuck,,586,80,100,70,60,70,95,19,925,2020-11-05 21:24:50.963075,2020-11-05 21:24:50.963075
587,emolga,,587,55,75,60,75,60,103,4,50,2020-11-05 21:24:51.690046,2020-11-05 21:24:51.690046
588,karrablast,,588,50,75,45,40,45,60,5,59,2020-11-05 21:24:54.106779,2020-11-05 21:24:54.106779
589,escavalier,,589,70,135,105,60,105,20,10,330,2020-11-05 21:24:55.897108,2020-11-05 21:24:55.897108
590,foongus,,590,69,55,45,55,55,15,2,10,2020-11-05 21:24:57.636881,2020-11-05 21:24:57.636881
591,amoonguss,,591,114,85,70,85,80,30,6,105,2020-11-05 21:24:59.096106,2020-11-05 21:24:59.096106
592,frillish,,592,55,40,50,65,85,40,12,330,2020-11-05 21:24:59.539846,2020-11-05 21:24:59.539846
593,jellicent,,593,100,60,70,85,105,60,22,1350,2020-11-05 21:25:00.355875,2020-11-05 21:25:00.355875
594,alomomola,,594,165,75,80,40,45,65,12,316,2020-11-05 21:25:00.99851,2020-11-05 21:25:00.99851
595,joltik,,595,50,47,50,57,50,65,1,6,2020-11-05 21:25:01.547258,2020-11-05 21:25:01.547258
596,galvantula,,596,70,77,60,97,60,108,8,143,2020-11-05 21:25:03.200325,2020-11-05 21:25:03.200325
597,ferroseed,,597,44,50,91,24,86,10,6,188,2020-11-05 21:25:03.716776,2020-11-05 21:25:03.716776
598,ferrothorn,,598,74,94,131,54,116,20,10,1100,2020-11-05 21:25:04.184769,2020-11-05 21:25:04.184769
599,klink,,599,40,55,70,45,60,30,3,210,2020-11-05 21:25:04.743501,2020-11-05 21:25:04.743501
600,klang,,600,60,80,95,70,85,50,6,510,2020-11-05 21:25:05.313089,2020-11-05 21:25:05.313089
601,klinklang,,601,60,100,115,70,85,90,6,810,2020-11-05 21:25:05.885992,2020-11-05 21:25:05.885992
602,tynamo,,602,35,55,40,45,40,60,2,3,2020-11-05 21:25:06.529639,2020-11-05 21:25:06.529639
603,eelektrik,,603,65,85,70,75,70,40,12,220,2020-11-05 21:25:07.157377,2020-11-05 21:25:07.157377
604,eelektross,,604,85,115,80,105,80,50,21,805,2020-11-05 21:25:07.633514,2020-11-05 21:25:07.633514
605,elgyem,,605,55,55,55,85,55,30,5,90,2020-11-05 21:25:08.031463,2020-11-05 21:25:08.031463
606,beheeyem,,606,75,75,75,125,95,40,10,345,2020-11-05 21:25:08.99312,2020-11-05 21:25:08.99312
607,litwick,,607,50,30,55,65,55,20,3,31,2020-11-05 21:25:09.525437,2020-11-05 21:25:09.525437
608,lampent,,608,60,40,60,95,60,55,6,130,2020-11-05 21:25:10.207317,2020-11-05 21:25:10.207317
609,chandelure,,609,60,55,90,145,90,80,10,343,2020-11-05 21:25:10.806144,2020-11-05 21:25:10.806144
610,axew,,610,46,87,60,30,40,57,6,180,2020-11-05 21:25:11.348684,2020-11-05 21:25:11.348684
611,fraxure,,611,66,117,70,40,50,67,10,360,2020-11-05 21:25:11.808814,2020-11-05 21:25:11.808814
612,haxorus,,612,76,147,90,60,70,97,18,1055,2020-11-05 21:25:12.287832,2020-11-05 21:25:12.287832
613,cubchoo,,613,55,70,40,60,40,40,5,85,2020-11-05 21:25:12.770545,2020-11-05 21:25:12.770545
614,beartic,,614,95,130,80,70,80,50,26,2600,2020-11-05 21:25:13.370317,2020-11-05 21:25:13.370317
615,cryogonal,,615,80,50,50,95,135,105,11,1480,2020-11-05 21:25:13.963641,2020-11-05 21:25:13.963641
616,shelmet,,616,50,40,85,40,65,25,4,77,2020-11-05 21:25:14.498929,2020-11-05 21:25:14.498929
617,accelgor,,617,80,70,40,100,60,145,8,253,2020-11-05 21:25:15.915734,2020-11-05 21:25:15.915734
618,stunfisk,,618,109,66,84,81,99,32,7,110,2020-11-05 21:25:16.913633,2020-11-05 21:25:16.913633
619,mienfoo,,619,45,85,50,55,50,65,9,200,2020-11-05 21:25:17.416673,2020-11-05 21:25:17.416673
620,mienshao,,620,65,125,60,95,60,105,14,355,2020-11-05 21:25:17.881937,2020-11-05 21:25:17.881937
621,druddigon,,621,77,120,90,60,90,48,16,1390,2020-11-05 21:25:19.107466,2020-11-05 21:25:19.107466
622,golett,,622,59,74,50,35,50,35,10,920,2020-11-05 21:25:19.592301,2020-11-05 21:25:19.592301
623,golurk,,623,89,124,80,55,80,55,28,3300,2020-11-05 21:25:20.268842,2020-11-05 21:25:20.268842
624,pawniard,,624,45,85,70,40,40,60,5,102,2020-11-05 21:25:20.88552,2020-11-05 21:25:20.88552
625,bisharp,,625,65,125,100,60,70,70,16,700,2020-11-05 21:25:22.716273,2020-11-05 21:25:22.716273
626,bouffalant,,626,95,110,95,40,95,55,16,946,2020-11-05 21:25:23.366769,2020-11-05 21:25:23.366769
627,rufflet,,627,70,83,50,37,50,60,5,105,2020-11-05 21:25:23.903832,2020-11-05 21:25:23.903832
628,braviary,,628,100,123,75,57,75,80,15,410,2020-11-05 21:25:24.438614,2020-11-05 21:25:24.438614
629,vullaby,,629,70,55,75,45,65,60,5,90,2020-11-05 21:25:25.006741,2020-11-05 21:25:25.006741
630,mandibuzz,,630,110,65,105,55,95,80,12,395,2020-11-05 21:25:25.578472,2020-11-05 21:25:25.578472
631,heatmor,,631,85,97,66,105,66,65,14,580,2020-11-05 21:25:26.13124,2020-11-05 21:25:26.13124
632,durant,,632,58,109,112,48,48,109,3,330,2020-11-05 21:25:26.689433,2020-11-05 21:25:26.689433
633,deino,,633,52,65,50,45,50,38,8,173,2020-11-05 21:25:27.993894,2020-11-05 21:25:27.993894
634,zweilous,,634,72,85,70,65,70,58,14,500,2020-11-05 21:25:28.411967,2020-11-05 21:25:28.411967
635,hydreigon,,635,92,105,90,125,90,98,18,1600,2020-11-05 21:25:28.924075,2020-11-05 21:25:28.924075
636,larvesta,,636,55,85,55,50,55,60,11,288,2020-11-05 21:25:29.460417,2020-11-05 21:25:29.460417
637,volcarona,,637,85,60,65,135,105,100,16,460,2020-11-05 21:25:30.128664,2020-11-05 21:25:30.128664
638,cobalion,,638,91,90,129,90,72,108,21,2500,2020-11-05 21:25:30.689953,2020-11-05 21:25:30.689953
639,terrakion,,639,91,129,90,72,90,108,19,2600,2020-11-05 21:25:31.092904,2020-11-05 21:25:31.092904
640,virizion,,640,91,90,72,90,129,108,20,2000,2020-11-05 21:25:31.55118,2020-11-05 21:25:31.55118
641,tornadus_incarnate,,641,79,115,70,125,80,111,15,630,2020-11-05 21:25:32.172222,2020-11-05 21:25:32.172222
642,thundurus_incarnate,,642,79,115,70,125,80,111,15,610,2020-11-05 21:25:32.697222,2020-11-05 21:25:32.697222
643,reshiram,,643,100,120,100,150,120,90,32,3300,2020-11-05 21:25:33.169807,2020-11-05 21:25:33.169807
644,zekrom,,644,100,150,120,120,100,90,29,3450,2020-11-05 21:25:33.616832,2020-11-05 21:25:33.616832
645,landorus_incarnate,,645,89,125,90,115,80,101,15,680,2020-11-05 21:25:34.061598,2020-11-05 21:25:34.061598
646,kyurem,,646,125,130,90,130,90,95,30,3250,2020-11-05 21:25:35.304347,2020-11-05 21:25:35.304347
647,keldeo_ordinary,,647,91,72,90,129,90,108,14,485,2020-11-05 21:25:36.388307,2020-11-05 21:25:36.388307
648,meloetta_aria,,648,100,77,77,128,128,90,6,65,2020-11-05 21:25:36.937761,2020-11-05 21:25:36.937761
649,genesect,,649,71,120,95,120,95,99,15,825,2020-11-05 21:25:38.233346,2020-11-05 21:25:38.233346
650,chespin,,650,56,61,65,48,45,38,4,90,2020-11-05 21:25:38.661222,2020-11-05 21:25:38.661222
651,quilladin,,651,61,78,95,56,58,57,7,290,2020-11-05 21:25:39.061763,2020-11-05 21:25:39.061763
652,chesnaught,,652,88,107,122,74,75,64,16,900,2020-11-05 21:25:39.503698,2020-11-05 21:25:39.503698
653,fennekin,,653,40,45,40,62,60,60,4,94,2020-11-05 21:25:40.01343,2020-11-05 21:25:40.01343
654,braixen,,654,59,59,58,90,70,73,10,145,2020-11-05 21:25:40.4831,2020-11-05 21:25:40.4831
655,delphox,,655,75,69,72,114,100,104,15,390,2020-11-05 21:25:40.886871,2020-11-05 21:25:40.886871
656,froakie,,656,41,56,40,62,44,71,3,70,2020-11-05 21:25:41.43924,2020-11-05 21:25:41.43924
657,frogadier,,657,54,63,52,83,56,97,6,109,2020-11-05 21:25:42.100192,2020-11-05 21:25:42.100192
658,greninja,,658,72,95,67,103,71,122,15,400,2020-11-05 21:25:42.498802,2020-11-05 21:25:42.498802
659,bunnelby,,659,38,36,38,32,36,57,4,50,2020-11-05 21:25:43.018711,2020-11-05 21:25:43.018711
660,diggersby,,660,85,56,77,50,77,78,10,424,2020-11-05 21:25:43.535356,2020-11-05 21:25:43.535356
661,fletchling,,661,45,50,43,40,38,62,3,17,2020-11-05 21:25:44.138544,2020-11-05 21:25:44.138544
662,fletchinder,,662,62,73,55,56,52,84,7,160,2020-11-05 21:25:44.705457,2020-11-05 21:25:44.705457
663,talonflame,,663,78,81,71,74,69,126,12,245,2020-11-05 21:25:45.298353,2020-11-05 21:25:45.298353
664,scatterbug,,664,38,35,40,27,25,35,3,25,2020-11-05 21:25:45.863232,2020-11-05 21:25:45.863232
665,spewpa,,665,45,22,60,27,30,29,3,84,2020-11-05 21:25:46.431524,2020-11-05 21:25:46.431524
666,vivillon,,666,80,52,50,90,50,89,12,170,2020-11-05 21:25:47.638443,2020-11-05 21:25:47.638443
667,litleo,,667,62,50,58,73,54,72,6,135,2020-11-05 21:25:48.181534,2020-11-05 21:25:48.181534
668,pyroar,,668,86,68,72,109,66,106,15,815,2020-11-05 21:25:48.845216,2020-11-05 21:25:48.845216
669,flabebe,,669,44,38,39,61,79,42,1,1,2020-11-05 21:25:49.449522,2020-11-05 21:25:49.449522
670,floette,,670,54,45,47,75,98,52,2,9,2020-11-05 21:25:49.992037,2020-11-05 21:25:49.992037
671,florges,,671,78,65,68,112,154,75,11,100,2020-11-05 21:25:50.700246,2020-11-05 21:25:50.700246
672,skiddo,,672,66,65,48,62,57,52,9,310,2020-11-05 21:25:51.80682,2020-11-05 21:25:51.80682
673,gogoat,,673,123,100,62,97,81,68,17,910,2020-11-05 21:25:52.191398,2020-11-05 21:25:52.191398
674,pancham,,674,67,82,62,46,48,43,6,80,2020-11-05 21:25:52.656455,2020-11-05 21:25:52.656455
675,pangoro,,675,95,124,78,69,71,58,21,1360,2020-11-05 21:25:53.233437,2020-11-05 21:25:53.233437
676,furfrou,,676,75,80,60,65,90,102,12,280,2020-11-05 21:25:54.587691,2020-11-05 21:25:54.587691
677,espurr,,677,62,48,54,63,60,68,3,35,2020-11-05 21:25:55.029159,2020-11-05 21:25:55.029159
678,meowstic_male,,678,74,48,76,83,81,104,6,85,2020-11-05 21:25:55.545984,2020-11-05 21:25:55.545984
679,honedge,,679,45,80,100,35,37,28,8,20,2020-11-05 21:25:56.615502,2020-11-05 21:25:56.615502
680,doublade,,680,59,110,150,45,49,35,8,45,2020-11-05 21:25:57.183061,2020-11-05 21:25:57.183061
681,aegislash_shield,,681,60,50,150,50,150,60,17,530,2020-11-05 21:25:57.752421,2020-11-05 21:25:57.752421
682,spritzee,,682,78,52,60,63,65,23,2,5,2020-11-05 21:25:58.797794,2020-11-05 21:25:58.797794
683,aromatisse,,683,101,72,72,99,89,29,8,155,2020-11-05 21:25:59.212348,2020-11-05 21:25:59.212348
684,swirlix,,684,62,48,66,59,57,49,4,35,2020-11-05 21:25:59.629472,2020-11-05 21:25:59.629472
685,slurpuff,,685,82,80,86,85,75,72,8,50,2020-11-05 21:26:00.104085,2020-11-05 21:26:00.104085
686,inkay,,686,53,54,53,37,46,45,4,35,2020-11-05 21:26:00.639377,2020-11-05 21:26:00.639377
687,malamar,,687,86,92,88,68,75,73,15,470,2020-11-05 21:26:01.205957,2020-11-05 21:26:01.205957
688,binacle,,688,42,52,67,39,56,50,5,310,2020-11-05 21:26:01.759463,2020-11-05 21:26:01.759463
689,barbaracle,,689,72,105,115,54,86,68,13,960,2020-11-05 21:26:02.437995,2020-11-05 21:26:02.437995
690,skrelp,,690,50,60,60,60,60,30,5,73,2020-11-05 21:26:02.967213,2020-11-05 21:26:02.967213
691,dragalge,,691,65,75,90,97,123,44,18,815,2020-11-05 21:26:03.648554,2020-11-05 21:26:03.648554
692,clauncher,,692,50,53,62,58,63,44,5,83,2020-11-05 21:26:04.232113,2020-11-05 21:26:04.232113
693,clawitzer,,693,71,73,88,120,89,59,13,353,2020-11-05 21:26:04.637683,2020-11-05 21:26:04.637683
694,helioptile,,694,44,38,33,61,43,70,5,60,2020-11-05 21:26:05.081006,2020-11-05 21:26:05.081006
695,heliolisk,,695,62,55,52,109,94,109,10,210,2020-11-05 21:26:05.712659,2020-11-05 21:26:05.712659
696,tyrunt,,696,58,89,77,45,45,48,8,260,2020-11-05 21:26:06.19103,2020-11-05 21:26:06.19103
697,tyrantrum,,697,82,121,119,69,59,71,25,2700,2020-11-05 21:26:06.613177,2020-11-05 21:26:06.613177
698,amaura,,698,77,59,50,67,63,46,13,252,2020-11-05 21:26:07.089844,2020-11-05 21:26:07.089844
699,aurorus,,699,123,77,72,99,92,58,27,2250,2020-11-05 21:26:07.584054,2020-11-05 21:26:07.584054
700,sylveon,,700,95,65,65,110,130,60,10,235,2020-11-05 21:26:08.060325,2020-11-05 21:26:08.060325
701,hawlucha,,701,78,92,75,74,63,118,8,215,2020-11-05 21:26:08.545054,2020-11-05 21:26:08.545054
702,dedenne,,702,67,58,57,81,67,101,2,22,2020-11-05 21:26:09.75677,2020-11-05 21:26:09.75677
703,carbink,,703,50,50,150,50,150,50,3,57,2020-11-05 21:26:10.295394,2020-11-05 21:26:10.295394
704,goomy,,704,45,50,35,55,75,40,3,28,2020-11-05 21:26:10.919127,2020-11-05 21:26:10.919127
705,sliggoo,,705,68,75,53,83,113,60,8,175,2020-11-05 21:26:11.455619,2020-11-05 21:26:11.455619
706,goodra,,706,90,100,70,110,150,80,20,1505,2020-11-05 21:26:11.964209,2020-11-05 21:26:11.964209
707,klefki,,707,57,80,91,80,87,75,2,30,2020-11-05 21:26:12.520137,2020-11-05 21:26:12.520137
708,phantump,,708,43,70,48,50,60,38,4,70,2020-11-05 21:26:12.986473,2020-11-05 21:26:12.986473
709,trevenant,,709,85,110,76,65,82,56,15,710,2020-11-05 21:26:13.538426,2020-11-05 21:26:13.538426
710,pumpkaboo_average,,710,49,66,70,44,55,51,4,50,2020-11-05 21:26:14.061882,2020-11-05 21:26:14.061882
711,gourgeist_average,,711,65,90,122,58,75,84,9,125,2020-11-05 21:26:14.684969,2020-11-05 21:26:14.684969
712,bergmite,,712,55,69,85,32,35,28,10,995,2020-11-05 21:26:15.231997,2020-11-05 21:26:15.231997
713,avalugg,,713,95,117,184,44,46,28,20,5050,2020-11-05 21:26:15.78807,2020-11-05 21:26:15.78807
714,noibat,,714,40,30,35,45,40,55,5,80,2020-11-05 21:26:16.455421,2020-11-05 21:26:16.455421
715,noivern,,715,85,70,80,97,80,123,15,850,2020-11-05 21:26:17.091702,2020-11-05 21:26:17.091702
716,xerneas,,716,126,131,95,131,98,99,30,2150,2020-11-05 21:26:17.864513,2020-11-05 21:26:17.864513
717,yveltal,,717,126,131,95,131,98,99,58,2030,2020-11-05 21:26:18.527136,2020-11-05 21:26:18.527136
718,zygarde,,718,108,100,121,81,95,95,50,3050,2020-11-05 21:26:19.09374,2020-11-05 21:26:19.09374
719,diancie,,719,50,100,150,100,150,50,7,88,2020-11-05 21:26:19.493675,2020-11-05 21:26:19.493675
720,hoopa,,720,80,110,60,150,130,70,5,90,2020-11-05 21:26:20.066134,2020-11-05 21:26:20.066134
721,volcanion,,721,80,110,120,130,90,70,17,1950,2020-11-05 21:26:21.303155,2020-11-05 21:26:21.303155
722,rowlet,,722,68,55,55,50,50,42,3,15,2020-11-05 21:26:21.725999,2020-11-05 21:26:21.725999
723,dartrix,,723,78,75,75,70,70,52,7,160,2020-11-05 21:26:22.324517,2020-11-05 21:26:22.324517
724,decidueye,,724,78,107,75,100,100,70,16,366,2020-11-05 21:26:22.91887,2020-11-05 21:26:22.91887
725,litten,,725,45,65,40,60,40,70,4,43,2020-11-05 21:26:23.489595,2020-11-05 21:26:23.489595
726,torracat,,726,65,85,50,80,50,90,7,250,2020-11-05 21:26:24.003582,2020-11-05 21:26:24.003582
727,incineroar,,727,95,115,90,80,90,60,18,830,2020-11-05 21:26:24.465171,2020-11-05 21:26:24.465171
728,popplio,,728,50,54,54,66,56,40,4,75,2020-11-05 21:26:25.003369,2020-11-05 21:26:25.003369
729,brionne,,729,60,69,69,91,81,50,6,175,2020-11-05 21:26:25.483877,2020-11-05 21:26:25.483877
730,primarina,,730,80,74,74,126,116,60,18,440,2020-11-05 21:26:25.94226,2020-11-05 21:26:25.94226
731,pikipek,,731,35,75,30,30,30,65,3,12,2020-11-05 21:26:26.537258,2020-11-05 21:26:26.537258
732,trumbeak,,732,55,85,50,40,50,75,6,148,2020-11-05 21:26:27.108087,2020-11-05 21:26:27.108087
733,toucannon,,733,80,120,75,75,75,60,11,260,2020-11-05 21:26:27.766542,2020-11-05 21:26:27.766542
734,yungoos,,734,48,70,30,30,30,45,4,60,2020-11-05 21:26:28.86436,2020-11-05 21:26:28.86436
735,gumshoos,,735,88,110,60,55,60,45,7,142,2020-11-05 21:26:29.3268,2020-11-05 21:26:29.3268
736,grubbin,,736,47,62,45,55,45,46,4,44,2020-11-05 21:26:29.818461,2020-11-05 21:26:29.818461
737,charjabug,,737,57,82,95,55,75,36,5,105,2020-11-05 21:26:30.910443,2020-11-05 21:26:30.910443
738,vikavolt,,738,77,70,90,145,75,43,15,450,2020-11-05 21:26:31.357381,2020-11-05 21:26:31.357381
739,crabrawler,,739,47,82,57,42,47,63,6,70,2020-11-05 21:26:32.496194,2020-11-05 21:26:32.496194
740,crabominable,,740,97,132,77,62,67,43,17,1800,2020-11-05 21:26:32.944612,2020-11-05 21:26:32.944612
741,oricorio_baile,,741,75,70,70,98,70,93,6,34,2020-11-05 21:26:33.972284,2020-11-05 21:26:33.972284
742,cutiefly,,742,40,45,40,55,40,84,1,2,2020-11-05 21:26:34.367826,2020-11-05 21:26:34.367826
743,ribombee,,743,60,55,60,95,70,124,2,5,2020-11-05 21:26:34.883159,2020-11-05 21:26:34.883159
744,rockruff,,744,45,65,40,30,40,60,5,92,2020-11-05 21:26:35.381392,2020-11-05 21:26:35.381392
745,lycanroc_midday,,745,75,115,65,55,65,112,8,250,2020-11-05 21:26:36.429187,2020-11-05 21:26:36.429187
746,wishiwashi_solo,,746,45,20,20,25,25,40,2,3,2020-11-05 21:26:37.597621,2020-11-05 21:26:37.597621
747,mareanie,,747,50,53,62,43,52,45,4,80,2020-11-05 21:26:38.052097,2020-11-05 21:26:38.052097
748,toxapex,,748,50,63,152,53,142,35,7,145,2020-11-05 21:26:38.677806,2020-11-05 21:26:38.677806
749,mudbray,,749,70,100,70,45,55,45,10,1100,2020-11-05 21:26:39.412373,2020-11-05 21:26:39.412373
750,mudsdale,,750,100,125,100,55,85,35,25,9200,2020-11-05 21:26:39.870664,2020-11-05 21:26:39.870664
751,dewpider,,751,38,40,52,40,72,27,3,40,2020-11-05 21:26:40.449631,2020-11-05 21:26:40.449631
752,araquanid,,752,68,70,92,50,132,42,18,820,2020-11-05 21:26:41.023347,2020-11-05 21:26:41.023347
753,fomantis,,753,40,55,35,50,35,35,3,15,2020-11-05 21:26:42.037068,2020-11-05 21:26:42.037068
754,lurantis,,754,70,105,90,80,90,45,9,185,2020-11-05 21:26:43.016799,2020-11-05 21:26:43.016799
755,morelull,,755,40,35,55,65,75,15,2,15,2020-11-05 21:26:43.854352,2020-11-05 21:26:43.854352
756,shiinotic,,756,60,45,80,90,100,30,10,115,2020-11-05 21:26:44.409463,2020-11-05 21:26:44.409463
757,salandit,,757,48,44,40,71,40,77,6,48,2020-11-05 21:26:45.007701,2020-11-05 21:26:45.007701
758,salazzle,,758,68,64,60,111,60,117,12,222,2020-11-05 21:26:45.560219,2020-11-05 21:26:45.560219
759,stufful,,759,70,75,50,45,50,50,5,68,2020-11-05 21:26:46.20241,2020-11-05 21:26:46.20241
760,bewear,,760,120,125,80,55,60,60,21,1350,2020-11-05 21:26:46.792135,2020-11-05 21:26:46.792135
761,bounsweet,,761,42,30,38,30,38,32,3,32,2020-11-05 21:26:47.366667,2020-11-05 21:26:47.366667
762,steenee,,762,52,40,48,40,48,62,7,82,2020-11-05 21:26:47.891663,2020-11-05 21:26:47.891663
763,tsareena,,763,72,120,98,50,98,72,12,214,2020-11-05 21:26:48.466538,2020-11-05 21:26:48.466538
764,comfey,,764,51,52,90,82,110,100,1,3,2020-11-05 21:26:49.034618,2020-11-05 21:26:49.034618
765,oranguru,,765,90,60,80,90,110,60,15,760,2020-11-05 21:26:49.541957,2020-11-05 21:26:49.541957
766,passimian,,766,100,120,90,40,60,80,20,828,2020-11-05 21:26:50.045742,2020-11-05 21:26:50.045742
767,wimpod,,767,25,35,40,20,30,80,5,120,2020-11-05 21:26:50.601648,2020-11-05 21:26:50.601648
768,golisopod,,768,75,125,140,60,90,40,20,1080,2020-11-05 21:26:51.020497,2020-11-05 21:26:51.020497
769,sandygast,,769,55,55,80,70,45,15,5,700,2020-11-05 21:26:51.487263,2020-11-05 21:26:51.487263
770,palossand,,770,85,75,110,100,75,35,13,2500,2020-11-05 21:26:52.020422,2020-11-05 21:26:52.020422
771,pyukumuku,,771,55,60,130,30,130,5,3,12,2020-11-05 21:26:52.713465,2020-11-05 21:26:52.713465
772,type_null,,772,95,95,95,95,95,59,19,1205,2020-11-05 21:26:53.803593,2020-11-05 21:26:53.803593
773,silvally,,773,95,95,95,95,95,95,23,1005,2020-11-05 21:26:54.805446,2020-11-05 21:26:54.805446
774,minior_red_meteor,,774,60,60,100,60,100,60,3,400,2020-11-05 21:26:55.207985,2020-11-05 21:26:55.207985
775,komala,,775,65,115,65,75,95,65,4,199,2020-11-05 21:26:55.674673,2020-11-05 21:26:55.674673
776,turtonator,,776,60,78,135,91,85,36,20,2120,2020-11-05 21:26:56.095365,2020-11-05 21:26:56.095365
777,togedemaru,,777,65,98,63,40,73,96,3,33,2020-11-05 21:26:56.546282,2020-11-05 21:26:56.546282
778,mimikyu_disguised,,778,55,90,80,50,105,96,2,7,2020-11-05 21:26:57.139226,2020-11-05 21:26:57.139226
779,bruxish,,779,68,105,70,70,70,92,9,190,2020-11-05 21:26:57.616894,2020-11-05 21:26:57.616894
780,drampa,,780,78,60,85,135,91,36,30,1850,2020-11-05 21:27:01.105314,2020-11-05 21:27:01.105314
781,dhelmise,,781,70,131,100,86,90,40,39,2100,2020-11-05 21:27:01.657725,2020-11-05 21:27:01.657725
782,jangmo_o,,782,45,55,65,45,45,45,6,297,2020-11-05 21:27:02.097599,2020-11-05 21:27:02.097599
783,hakamo_o,,783,55,75,90,65,70,65,12,470,2020-11-05 21:27:02.560527,2020-11-05 21:27:02.560527
784,kommo_o,,784,75,110,125,100,105,85,16,782,2020-11-05 21:27:03.270636,2020-11-05 21:27:03.270636
785,tapu_koko,,785,70,115,85,95,75,130,18,205,2020-11-05 21:27:03.972611,2020-11-05 21:27:03.972611
786,tapu_lele,,786,70,85,75,130,115,95,12,186,2020-11-05 21:27:04.547701,2020-11-05 21:27:04.547701
787,tapu_bulu,,787,70,130,115,85,95,75,19,455,2020-11-05 21:27:04.994814,2020-11-05 21:27:04.994814
788,tapu_fini,,788,70,75,115,95,130,85,13,212,2020-11-05 21:27:05.647521,2020-11-05 21:27:05.647521
789,cosmog,,789,43,29,31,29,31,37,2,1,2020-11-05 21:27:06.127545,2020-11-05 21:27:06.127545
790,cosmoem,,790,43,29,131,29,131,37,1,9999,2020-11-05 21:27:06.674275,2020-11-05 21:27:06.674275
791,solgaleo,,791,137,137,107,113,89,97,34,2300,2020-11-05 21:27:07.124625,2020-11-05 21:27:07.124625
792,lunala,,792,137,113,89,137,107,97,40,1200,2020-11-05 21:27:07.77982,2020-11-05 21:27:07.77982
793,nihilego,,793,109,53,47,127,131,103,12,555,2020-11-05 21:27:08.50527,2020-11-05 21:27:08.50527
794,buzzwole,,794,107,139,139,53,53,79,24,3336,2020-11-05 21:27:09.238854,2020-11-05 21:27:09.238854
795,pheromosa,,795,71,137,37,137,37,151,18,250,2020-11-05 21:27:09.845068,2020-11-05 21:27:09.845068
796,xurkitree,,796,83,89,71,173,71,83,38,1000,2020-11-05 21:27:10.981542,2020-11-05 21:27:10.981542
797,celesteela,,797,97,101,103,107,101,61,92,9999,2020-11-05 21:27:11.556584,2020-11-05 21:27:11.556584
798,kartana,,798,59,181,131,59,31,109,3,1,2020-11-05 21:27:12.697588,2020-11-05 21:27:12.697588
799,guzzlord,,799,223,101,53,97,53,43,55,8880,2020-11-05 21:27:13.072684,2020-11-05 21:27:13.072684
800,necrozma,,800,97,107,101,127,89,79,24,2300,2020-11-05 21:27:13.489413,2020-11-05 21:27:13.489413
801,magearna,,801,80,95,115,130,115,65,10,805,2020-11-05 21:27:13.866138,2020-11-05 21:27:13.866138
802,marshadow,,802,90,125,80,90,90,125,7,222,2020-11-05 21:27:14.969525,2020-11-05 21:27:14.969525
803,poipole,,803,67,73,67,73,67,73,6,18,2020-11-05 21:27:15.341211,2020-11-05 21:27:15.341211
804,naganadel,,804,73,73,73,127,73,121,36,1500,2020-11-05 21:27:15.788437,2020-11-05 21:27:15.788437
805,stakataka,,805,61,131,211,53,101,13,55,8200,2020-11-05 21:27:16.349754,2020-11-05 21:27:16.349754
806,blacephalon,,806,53,127,53,151,79,107,18,130,2020-11-05 21:27:16.819113,2020-11-05 21:27:16.819113
807,zeraora,,807,88,112,75,102,80,143,15,445,2020-11-05 21:27:17.294167,2020-11-05 21:27:17.294167
808,meltan,"It melts particles of iron and other metals found in the subsoil, so it can absorb them into its body of molten steel.",808,46,65,65,55,35,34,2,80,2020-11-05 21:27:17.636529,2020-11-05 21:27:17.636529
809,melmetal,"Revered long ago for its capacity to create iron from nothing, for some reason it has come back to life after 3,000 years.",809,135,143,143,80,65,34,25,8000,2020-11-05 21:27:17.924228,2020-11-05 21:27:17.924228
810,grookey,"When it uses its special stick to strike up a beat, the sound waves produced carry revitalizing energy to the plants and flowers in the area.",810,50,65,50,40,40,65,3,50,2020-11-05 21:41:54.96267,2020-11-05 21:41:54.96267
811,thwackey,"The faster a Thwackey can beat out a rhythm with its two sticks, the more respect it wins from its peers.",811,70,85,70,55,60,80,7,140,2020-11-05 21:41:56.212037,2020-11-05 21:41:56.212037
812,rillaboom,"By drumming, it taps into the power of its special tree stump. The roots of the stump follow its direction in battle.",812,100,125,90,60,70,85,21,900,2020-11-05 21:41:57.112506,2020-11-05 21:41:57.112506
813,scorbunny,"A warm-up of running around gets fire energy coursing through this Pokmon's body. Once that happens, it's ready to fight at full power.",813,50,71,40,40,40,69,3,45,2020-11-05 21:41:58.365915,2020-11-05 21:41:58.365915
814,raboot,Its thick and fluffy fur protects it from the cold and enables it to use hotter fire moves.,814,65,86,60,55,60,94,6,90,2020-11-05 21:41:59.797191,2020-11-05 21:41:59.797191
815,cinderace,"It juggles a pebble with its feet, turning it into a burning soccer ball. Its shots strike opponents hard and leave them scorched.",815,80,116,75,65,75,119,14,330,2020-11-05 21:42:00.777208,2020-11-05 21:42:00.777208
816,sobble,"When scared, this Pokmon cries. Its tears pack the chemical punch of 100 onions, and attackers won't be able to resist weeping.",816,50,40,40,70,40,70,3,40,2020-11-05 21:42:01.632754,2020-11-05 21:42:01.632754
817,drizzile,"A clever combatant, this Pokmon battles using water balloons created with moisture secreted from its palms.",817,65,60,55,95,55,90,7,115,2020-11-05 21:42:02.896239,2020-11-05 21:42:02.896239
818,inteleon,"It has many hidden capabilities, such as fingertips that can shoot water and a membrane on its back that it can use to glide through the air.",818,70,85,65,125,65,120,19,452,2020-11-05 21:42:03.91951,2020-11-05 21:42:03.91951
819,skwovet,"Found throughout the Galar region, this Pokmon becomes uneasy if its cheeks are ever completely empty of berries.",819,70,55,55,35,35,25,3,25,2020-11-05 21:42:04.849545,2020-11-05 21:42:04.849545
820,greedent,"It stashes berries in its tailso many berries that they fall out constantly. But this Pokmon is a bit slow-witted, so it doesn't notice the loss.",820,120,95,95,55,75,20,6,60,2020-11-05 21:42:06.038413,2020-11-05 21:42:06.038413
821,rookidee,"It will bravely challenge any opponent, no matter how powerful. This Pokmon benefits from every battleeven a defeat increases its strength a bit.",821,38,47,35,33,35,57,2,18,2020-11-05 21:42:06.895729,2020-11-05 21:42:06.895729
822,corvisquire,"Smart enough to use tools in battle, these Pokmon have been seen picking up rocks and flinging them or using ropes to wrap up enemies.",822,68,67,55,43,55,77,8,160,2020-11-05 21:42:08.573072,2020-11-05 21:42:08.573072
823,corviknight,This Pokmon reigns supreme in the skies of the Galar region. The black luster of its steel body could drive terror into the heart of any foe.,823,98,87,105,53,85,67,22,750,2020-11-05 21:42:09.515046,2020-11-05 21:42:09.515046
824,blipbug,"A constant collector of information, this Pokmon is very smart. Very strong is what it isn't.",824,25,20,20,25,45,45,4,80,2020-11-05 21:42:10.920458,2020-11-05 21:42:10.920458
825,dottler,"It barely moves, but it's still alive. Hiding in its shell without food or water seems to have awakened its psychic powers.",825,50,35,80,50,90,30,4,195,2020-11-05 21:42:12.180649,2020-11-05 21:42:12.180649
826,orbeetle,"It's famous for its high level of intelligence, and the large size of its brain is proof that it also possesses immense psychic power.",826,60,45,110,80,120,90,4,408,2020-11-05 21:42:13.31999,2020-11-05 21:42:13.31999
827,nickit,"Aided by the soft pads on its feet, it silently raids the food stores of other Pokmon. It survives off its ill-gotten gains.",827,40,28,28,47,52,50,6,89,2020-11-05 21:42:14.386922,2020-11-05 21:42:14.386922
828,thievul,"It secretly marks potential targets with a scent. By following the scent, it stalks its targets and steals from them when they least expect it.",828,70,58,58,87,92,90,12,199,2020-11-05 21:42:15.819774,2020-11-05 21:42:15.819774
829,gossifleur,"It anchors itself in the ground with its single leg, then basks in the sun. After absorbing enough sunlight, its petals spread as it blooms brilliantly.",829,40,40,60,40,60,10,4,22,2020-11-05 21:42:16.906596,2020-11-05 21:42:16.906596
830,eldegoss,The seeds attached to its cotton fluff are full of nutrients. It spreads them on the wind so that plants and other Pokmon can benefit from them.,830,60,50,90,80,120,60,5,25,2020-11-05 21:42:18.651585,2020-11-05 21:42:18.651585
831,wooloo,"Its curly fleece is such an effective cushion that this Pokmon could fall off a cliff and stand right back up at the bottom, unharmed.",831,42,40,55,40,45,48,6,60,2020-11-05 21:42:19.816063,2020-11-05 21:42:19.816063
832,dubwool,"Weave a carpet from its springy wool, and you end up with something closer to a trampoline. You'll start to bounce the moment you set foot on it.",832,72,80,100,60,90,88,13,430,2020-11-05 21:42:20.908949,2020-11-05 21:42:20.908949
833,chewtle,Apparently the itch of its teething impels it to snap its jaws at anything in front of it.,833,50,64,50,38,38,44,3,85,2020-11-05 21:42:22.067661,2020-11-05 21:42:22.067661
834,drednaw,"With jaws that can shear through steel rods, this highly aggressive Pokmon chomps down on its unfortunate prey.",834,90,115,90,48,68,74,10,1155,2020-11-05 21:42:24.521379,2020-11-05 21:42:24.521379
835,yamper,"This Pokmon is very popular as a herding dog in the Galar region. As it runs, it generates electricity from the base of its tail.",835,59,45,50,40,50,26,3,135,2020-11-05 21:42:25.689763,2020-11-05 21:42:25.689763
836,boltund,This Pokmon generates electricity and channels it into its legs to keep them going strong. Boltund can run nonstop for three full days.,836,69,90,60,90,60,121,10,340,2020-11-05 21:42:26.974893,2020-11-05 21:42:26.974893
837,rolycoly,"Most of its body has the same composition as coal. Fittingly, this Pokmon was first discovered in coal mines about 400 years ago.",837,30,40,50,40,50,30,3,120,2020-11-05 21:42:27.860646,2020-11-05 21:42:27.860646
838,carkol,It forms coal inside its body. Coal dropped by this Pokmon once helped fuel the lives of people in the Galar region.,838,80,60,90,60,70,50,11,780,2020-11-05 21:42:29.657219,2020-11-05 21:42:29.657219
839,coalossal,"It's usually peaceful, but the vandalism of mines enrages it. Offenders will be incinerated with flames that reach 2,700 degrees Fahrenheit.",839,110,80,120,80,90,30,28,3105,2020-11-05 21:42:31.055751,2020-11-05 21:42:31.055751
840,applin,"It spends its entire life inside an apple. It hides from its natural enemies, bird Pokmon, by pretending it's just an apple and nothing more.",840,40,40,80,40,40,20,2,5,2020-11-05 21:42:32.13813,2020-11-05 21:42:32.13813
841,flapple,"It ate a sour apple, and that induced its evolution. In its cheeks, it stores an acid capable of causing chemical burns.",841,70,110,80,95,60,70,3,10,2020-11-05 21:42:33.60545,2020-11-05 21:42:33.60545
842,appletun,"Eating a sweet apple caused its evolution. A nectarous scent wafts from its body, luring in the bug Pokmon it preys on.",842,110,85,80,100,80,30,4,130,2020-11-05 21:42:34.697225,2020-11-05 21:42:34.697225
843,silicobra,"As it digs, it swallows sand and stores it in its neck pouch. The pouch can hold more than 17 pounds of sand.",843,52,57,75,35,50,46,22,76,2020-11-05 21:42:36.217849,2020-11-05 21:42:36.217849
844,sandaconda,"When it contracts its body, over 220 pounds of sand sprays from its nose. If it ever runs out of sand, it becomes disheartened.",844,72,107,125,65,70,71,38,655,2020-11-05 21:42:38.341635,2020-11-05 21:42:38.341635
845,cramorant,"Route 9, Axew's Eye, Bridge Field, Lake of Outrage, Stony WildernessMax Raid Battles: Giant's Cap, Hammerlocke Hills",845,70,85,55,85,95,85,8,180,2020-11-05 21:42:39.241471,2020-11-05 21:42:39.241471
846,arrokuda,"If it sees any movement around it, this Pokmon charges for it straightaway, leading with its sharply pointed jaw. It's very proud of that jaw.",846,41,63,40,40,30,66,5,10,2020-11-05 21:42:40.441327,2020-11-05 21:42:40.441327
847,barraskewda,"This Pokmon has a jaw that's as sharp as a spear and as strong as steel. Apparently Barraskewda's flesh is surprisingly tasty, too.",847,61,123,60,60,50,136,13,300,2020-11-05 21:42:41.643509,2020-11-05 21:42:41.643509
848,toxel,"It stores poison in an internal poison sac and secretes that poison through its skin. If you touch this Pokmon, a tingling sensation follows.",848,40,38,35,54,35,40,4,110,2020-11-05 21:42:42.492789,2020-11-05 21:42:42.492789
849,toxtricity,"Max Raid Battles: East Lake Axewell, Giant's Cap, Giant's Mirror, Hammerlocke Hills, Lake of Outrage, Motostoke Riverbank, North Lake Miloch",849,75,98,70,114,70,75,16,400,2020-11-05 21:42:43.689285,2020-11-05 21:42:43.689285
850,toxtricity,"Max Raid Battles: East Lake Axewell, Giant's Cap, Giant's Mirror, Hammerlocke Hills, Lake of Outrage, Motostoke Riverbank, North Lake Miloch",849,75,98,70,114,70,75,16,400,2020-11-05 21:42:45.270305,2020-11-05 21:42:45.270305
851,sizzlipede,It stores flammable gas in its body and uses it to generate heat. The yellow sections on its belly get particularly hot.,850,50,65,45,50,50,45,7,10,2020-11-05 21:42:46.561994,2020-11-05 21:42:46.561994
852,centiskorch,"When it heats up, its body temperature reaches about 1,500 degrees Fahrenheit. It lashes its body like a whip and launches itself at enemies.",851,100,115,65,90,90,65,30,1200,2020-11-05 21:42:47.900436,2020-11-05 21:42:47.900436
853,clobbopus,"It's very curious, but its means of investigating things is to try to punch them with its tentacles. The search for food is what brings it onto land.",852,50,68,60,50,50,32,6,40,2020-11-05 21:42:48.952002,2020-11-05 21:42:48.952002
854,grapploct,A body made up of nothing but muscle makes the grappling moves this Pokmon performs with its tentacles tremendously powerful.,853,80,118,90,70,80,42,16,390,2020-11-05 21:42:49.864157,2020-11-05 21:42:49.864157
855,sinistea,"Glimwood TangleMax Raid Battles: Stony Wilderness, Watchtower Ruins",854,40,45,45,74,54,50,1,2,2020-11-05 21:42:50.717303,2020-11-05 21:42:50.717303
856,polteageist,"Max Raid Battles: Stony Wilderness, Watchtower Ruins",855,60,65,65,134,114,70,2,4,2020-11-05 21:42:52.158541,2020-11-05 21:42:52.158541
857,hatenna,"Via the protrusion on its head, it senses other creatures' emotions. If you don't have a calm disposition, it will never warm up to you.",856,42,30,45,56,53,39,4,34,2020-11-05 21:42:53.005668,2020-11-05 21:42:53.005668
858,hattrem,"No matter who you are, if you bring strong emotions near this Pokmon, it will silence you violently.",857,57,40,65,86,73,49,6,48,2020-11-05 21:42:54.323625,2020-11-05 21:42:54.323625
859,hatterene,It emits psychic power strong enough to cause headaches as a deterrent to the approach of others.,858,57,90,95,136,103,29,21,51,2020-11-05 21:42:55.211912,2020-11-05 21:42:55.211912
860,impidimp,"Through its nose, it sucks in the emanations produced by people and Pokmon when they feel annoyed. It thrives off this negative energy.",859,45,45,30,55,40,50,4,55,2020-11-05 21:42:56.259852,2020-11-05 21:42:56.259852
861,morgrem,"When it gets down on all fours as if to beg for forgiveness, it's trying to lure opponents in so that it can stab them with its spear-like hair.",860,65,60,45,75,55,70,8,125,2020-11-05 21:42:57.309268,2020-11-05 21:42:57.309268
862,grimmsnarl,"With the hair wrapped around its body helping to enhance its muscles, this Pokmon can overwhelm even Machamp.",861,95,120,65,95,75,60,15,610,2020-11-05 21:42:58.471193,2020-11-05 21:42:58.471193
863,obstagoon,Its voice is staggering in volume. Obstagoon has a tendency to take on a threatening posture and shoutthis move is known as Obstruct.,862,93,90,101,60,81,95,16,460,2020-11-05 21:42:59.567538,2020-11-05 21:42:59.567538
864,perrserker,What appears to be an iron helmet is actually hardened hair. This Pokmon lives for the thrill of battle.,863,70,110,100,50,60,50,8,280,2020-11-05 21:43:00.634254,2020-11-05 21:43:00.634254
865,cursola,Its shell is overflowing with its heightened otherworldly energy. The ectoplasm serves as protection for this Pokmon's core spirit.,864,60,95,50,145,130,30,10,4,2020-11-05 21:43:02.514015,2020-11-05 21:43:02.514015
866,sirfetch'd,"Only Farfetch'd that have survived many battles can attain this evolution. When this Pokmon's leek withers, it will retire from combat.",865,62,135,95,68,82,65,8,1170,2020-11-05 21:43:03.919707,2020-11-05 21:43:03.919707
867,mr_rime,It's highly skilled at tap-dancing. It waves its cane of ice in time with its graceful movements.,866,80,85,75,110,100,70,15,582,2020-11-05 21:43:04.845621,2020-11-05 21:43:04.845621
868,runerigus,"A powerful curse was woven into an ancient painting. After absorbing the spirit of a Yamask, the painting began to move.",867,58,95,145,50,105,30,16,666,2020-11-05 21:43:06.865415,2020-11-05 21:43:06.865415
869,milcery,This Pokmon was born from sweet-smelling particles in the air. Its body is made of cream.,868,45,40,40,50,61,34,2,3,2020-11-05 21:43:08.153349,2020-11-05 21:43:08.153349
870,alcremie,"Max Raid Battles: Bridge Field, Lake of OutrageGigantamax Raid Battles: Bridge Field",869,65,60,75,110,121,64,3,5,2020-11-05 21:43:09.644418,2020-11-05 21:43:09.644418
871,falinks,"Five of them are troopers, and one is the brass. The brass's orders are absolute.",870,65,100,100,70,60,75,30,620,2020-11-05 21:43:10.545725,2020-11-05 21:43:10.545725
872,pincurchin,"It feeds on seaweed, using its teeth to scrape it off rocks. Electric current flows from the tips of its spines.",871,48,101,95,91,85,15,3,10,2020-11-05 21:43:11.383774,2020-11-05 21:43:11.383774
873,snom,"It spits out thread imbued with a frigid sort of energy and uses it to tie its body to branches, disguising itself as an icicle while it sleeps.",872,30,25,35,45,30,20,3,38,2020-11-05 21:43:12.904757,2020-11-05 21:43:12.904757
874,frosmoth,Icy scales fall from its wings like snow as it flies over fields and mountains. The temperature of its wings is less than -290 degrees Fahrenheit.,873,70,65,60,125,90,65,13,420,2020-11-05 21:43:14.593186,2020-11-05 21:43:14.593186
875,stonjourner,"It stands in grasslands, watching the sun's descent from zenith to horizon. This Pokmon has a talent for delivering dynamic kicks.",874,100,125,135,20,20,70,25,5200,2020-11-05 21:43:15.610256,2020-11-05 21:43:15.610256
876,eiscue,Trade from Shield,875,75,80,70,65,50,130,14,890,2020-11-05 21:43:16.75439,2020-11-05 21:43:16.75439
877,eiscue,Trade from Shield,875,75,80,70,65,50,130,14,890,2020-11-05 21:43:17.908214,2020-11-05 21:43:17.908214
878,indeedee,"Glimwood Tangle, Lake of OutrageMax Raid Battles: Bridge Field, East Lake Axewell, Hammerlocke Hills, Motostoke Riverbank, Rolling Fields, Stony Wilderness",876,70,55,65,95,105,85,9,280,2020-11-05 21:43:18.776354,2020-11-05 21:43:18.776354
879,indeedee,"Glimwood Tangle, Lake of OutrageMax Raid Battles: Bridge Field, East Lake Axewell, Hammerlocke Hills, Motostoke Riverbank, Rolling Fields, Stony Wilderness",876,70,55,65,95,105,85,9,280,2020-11-05 21:43:21.111436,2020-11-05 21:43:21.111436
880,morpeko,"Route 7, Route 9, Lake of OutrageMax Raid Battles: Giant's Mirror, Lake of Outrage, Motostoke Riverbank",877,58,95,58,70,58,97,3,30,2020-11-05 21:43:22.457923,2020-11-05 21:43:22.457923
881,cufant,"It digs up the ground with its trunk. It's also very strong, being able to carry loads of over five tons without any problem at all.",878,72,80,49,40,49,40,12,1000,2020-11-05 21:43:23.693073,2020-11-05 21:43:23.693073
882,copperajah,They came over from another region long ago and worked together with humans. Their green skin is resistant to water.,879,122,130,69,80,69,30,30,6500,2020-11-05 21:43:25.412987,2020-11-05 21:43:25.412987
883,dracozolt,"In ancient times, it was unbeatable thanks to its powerful lower body, but it went extinct anyway after it depleted all its plant-based food sources.",880,90,100,90,80,70,75,18,1900,2020-11-05 21:43:26.34247,2020-11-05 21:43:26.34247
884,arctozolt,The shaking of its freezing upper half is what generates its electricity. It has a hard time walking around.,881,90,100,90,90,80,55,23,1500,2020-11-05 21:43:27.987066,2020-11-05 21:43:27.987066
885,dracovish,Powerful legs and jaws made it the apex predator of its time. Its own overhunting of its prey was what drove it to extinction.,882,90,90,100,70,80,75,23,2150,2020-11-05 21:43:29.302776,2020-11-05 21:43:29.302776
886,arctovish,"Though it's able to capture prey by freezing its surroundings, it has trouble eating the prey afterward because its mouth is on top of its head.",883,90,90,100,80,90,55,20,1750,2020-11-05 21:43:30.796689,2020-11-05 21:43:30.796689
887,duraludon,"Its body resembles polished metal, and it's both lightweight and strong. The only drawback is that it rusts easily.",884,70,95,115,120,50,85,18,400,2020-11-05 21:43:31.796091,2020-11-05 21:43:31.796091
888,dreepy,"After being reborn as a ghost Pokmon, Dreepy wanders the areas it used to inhabit back when it was alive in prehistoric seas.",885,28,60,30,40,30,82,5,20,2020-11-05 21:43:33.555867,2020-11-05 21:43:33.555867
889,drakloak,It's capable of flying faster than 120 mph. It battles alongside Dreepy and dotes on them until they successfully evolve.,886,68,80,50,60,50,102,14,110,2020-11-05 21:43:34.90079,2020-11-05 21:43:34.90079
890,dragapult,"When it isn't battling, it keeps Dreepy in the holes on its horns. Once a fight starts, it launches the Dreepy like supersonic missiles.",887,88,120,75,100,75,142,30,500,2020-11-05 21:43:35.975091,2020-11-05 21:43:35.975091
891,zacian,"Known as a legendary hero, this Pokmon absorbs metal particles, transforming them into a weapon it uses to battle.",888,92,130,115,80,115,138,28,1100,2020-11-05 21:43:37.014312,2020-11-05 21:43:37.014312
892,zamazenta,"In times past, it worked together with a king of the people to save the Galar region. It absorbs metal that it then uses in battle.",889,92,130,115,80,115,138,29,2100,2020-11-05 21:43:38.880262,2020-11-05 21:43:38.880262
893,eternatus,Energy Plant,890,255,115,250,125,250,130,200,9500,2020-11-05 21:43:40.826811,2020-11-05 21:43:40.826811
894,kubfu,Kubfu trains hard to perfect its moves. The moves it masters will determine which form it takes when it evolves.,891,60,90,60,53,50,72,6,120,2020-11-05 21:43:41.685229,2020-11-05 21:43:41.685229
895,urshifu_single_strike_style,This form of Urshifu is a strong believer in the one-hit KO. Its strategy is to leap in close to foes and land a devastating blow with a hardened fist.,892,100,130,100,63,60,97,19,1050,2020-11-05 21:43:42.541007,2020-11-05 21:43:42.541007
896,urshifu_rapid_strike_style,"It's believed that this Pokmon modeled its fighting style on the flow of a riversometimes rapid, sometimes calm.",892,100,130,100,63,60,97,19,1050,2020-11-05 21:43:43.663212,2020-11-05 21:43:43.663212
897,zarude,Event Only,893,105,120,105,70,95,105,18,700,2020-11-05 21:43:44.366499,2020-11-05 21:43:44.366499
898,regieleki,This Pokmon is a cluster of electrical energy. Its said that removing the rings on Regielekis body will unleash the Pokmons latent power.,894,80,100,50,100,50,200,12,1450,2020-11-05 21:43:45.559292,2020-11-05 21:43:45.559292
899,regidrago,An academic theory proposes that Regidragos arms were once the head of an ancient dragon Pokmon. The theory remains unproven.,895,200,100,50,100,50,80,21,2000,2020-11-05 21:43:46.855302,2020-11-05 21:43:46.855302
900,glastrier,"Glastrier emits intense cold from its hooves. Its also a belligerent Pokmonanything it wants, it takes by force.",896,100,145,130,65,110,30,22,8000,2020-11-05 21:43:47.918522,2020-11-05 21:43:47.918522
901,spectrier,It probes its surroundings with all its senses save oneit doesnt use its sense of sight. Spectriers kicks are said to separate soul from body.,897,100,65,60,145,80,130,20,445,2020-11-05 21:43:49.048084,2020-11-05 21:43:49.048084
