id,region_id,pokemon_id,created_at,updated_at
1,1,1,2020-11-05 21:16:19.250008,2020-11-05 21:16:19.250008
2,1,2,2020-11-05 21:16:20.257026,2020-11-05 21:16:20.257026
3,1,3,2020-11-05 21:16:21.050332,2020-11-05 21:16:21.050332
4,1,4,2020-11-05 21:16:21.839212,2020-11-05 21:16:21.839212
5,1,5,2020-11-05 21:16:22.527118,2020-11-05 21:16:22.527118
6,1,6,2020-11-05 21:16:23.233629,2020-11-05 21:16:23.233629
7,1,7,2020-11-05 21:16:23.958379,2020-11-05 21:16:23.958379
8,1,8,2020-11-05 21:16:24.623097,2020-11-05 21:16:24.623097
9,1,9,2020-11-05 21:16:25.525123,2020-11-05 21:16:25.525123
10,1,10,2020-11-05 21:16:26.110548,2020-11-05 21:16:26.110548
11,1,11,2020-11-05 21:16:26.907267,2020-11-05 21:16:26.907267
12,1,12,2020-11-05 21:16:27.45742,2020-11-05 21:16:27.45742
13,1,13,2020-11-05 21:16:28.232869,2020-11-05 21:16:28.232869
14,1,14,2020-11-05 21:16:28.998043,2020-11-05 21:16:28.998043
15,1,15,2020-11-05 21:16:29.659366,2020-11-05 21:16:29.659366
16,1,16,2020-11-05 21:16:30.531252,2020-11-05 21:16:30.531252
17,1,17,2020-11-05 21:16:31.470911,2020-11-05 21:16:31.470911
18,1,18,2020-11-05 21:16:32.486642,2020-11-05 21:16:32.486642
19,1,19,2020-11-05 21:16:33.433558,2020-11-05 21:16:33.433558
20,1,20,2020-11-05 21:16:34.243263,2020-11-05 21:16:34.243263
21,1,21,2020-11-05 21:16:34.775987,2020-11-05 21:16:34.775987
22,1,22,2020-11-05 21:16:35.590232,2020-11-05 21:16:35.590232
23,1,23,2020-11-05 21:16:36.469245,2020-11-05 21:16:36.469245
24,1,24,2020-11-05 21:16:37.265397,2020-11-05 21:16:37.265397
25,1,25,2020-11-05 21:16:38.05998,2020-11-05 21:16:38.05998
26,1,26,2020-11-05 21:16:38.730495,2020-11-05 21:16:38.730495
27,1,27,2020-11-05 21:16:39.442619,2020-11-05 21:16:39.442619
28,1,28,2020-11-05 21:16:40.150198,2020-11-05 21:16:40.150198
29,1,29,2020-11-05 21:16:40.894083,2020-11-05 21:16:40.894083
30,1,30,2020-11-05 21:16:41.666329,2020-11-05 21:16:41.666329
31,1,31,2020-11-05 21:16:42.439228,2020-11-05 21:16:42.439228
32,1,32,2020-11-05 21:16:43.318253,2020-11-05 21:16:43.318253
33,1,33,2020-11-05 21:16:44.070683,2020-11-05 21:16:44.070683
34,1,34,2020-11-05 21:16:44.932846,2020-11-05 21:16:44.932846
35,1,35,2020-11-05 21:16:45.84201,2020-11-05 21:16:45.84201
36,1,36,2020-11-05 21:16:46.637457,2020-11-05 21:16:46.637457
37,1,37,2020-11-05 21:16:47.40978,2020-11-05 21:16:47.40978
38,1,38,2020-11-05 21:16:48.177729,2020-11-05 21:16:48.177729
39,1,39,2020-11-05 21:16:48.873769,2020-11-05 21:16:48.873769
40,1,40,2020-11-05 21:16:49.806763,2020-11-05 21:16:49.806763
41,1,41,2020-11-05 21:16:50.910775,2020-11-05 21:16:50.910775
42,1,42,2020-11-05 21:16:51.80677,2020-11-05 21:16:51.80677
43,1,43,2020-11-05 21:16:52.73962,2020-11-05 21:16:52.73962
44,1,44,2020-11-05 21:16:53.540063,2020-11-05 21:16:53.540063
45,1,45,2020-11-05 21:16:54.373154,2020-11-05 21:16:54.373154
46,1,46,2020-11-05 21:16:55.126664,2020-11-05 21:16:55.126664
47,1,47,2020-11-05 21:16:56.03507,2020-11-05 21:16:56.03507
48,1,48,2020-11-05 21:16:56.944086,2020-11-05 21:16:56.944086
49,1,49,2020-11-05 21:16:57.829482,2020-11-05 21:16:57.829482
50,1,50,2020-11-05 21:16:58.642287,2020-11-05 21:16:58.642287
51,1,51,2020-11-05 21:16:59.43757,2020-11-05 21:16:59.43757
52,1,52,2020-11-05 21:17:00.164888,2020-11-05 21:17:00.164888
53,1,53,2020-11-05 21:17:00.983681,2020-11-05 21:17:00.983681
54,1,54,2020-11-05 21:17:01.821795,2020-11-05 21:17:01.821795
55,1,55,2020-11-05 21:17:02.598624,2020-11-05 21:17:02.598624
56,1,56,2020-11-05 21:17:03.439196,2020-11-05 21:17:03.439196
57,1,57,2020-11-05 21:17:04.209465,2020-11-05 21:17:04.209465
58,1,58,2020-11-05 21:17:05.007554,2020-11-05 21:17:05.007554
59,1,59,2020-11-05 21:17:05.768925,2020-11-05 21:17:05.768925
60,1,60,2020-11-05 21:17:06.550889,2020-11-05 21:17:06.550889
61,1,61,2020-11-05 21:17:07.414688,2020-11-05 21:17:07.414688
62,1,62,2020-11-05 21:17:08.177346,2020-11-05 21:17:08.177346
63,1,63,2020-11-05 21:17:09.092907,2020-11-05 21:17:09.092907
64,1,64,2020-11-05 21:17:09.967758,2020-11-05 21:17:09.967758
65,1,65,2020-11-05 21:17:10.746313,2020-11-05 21:17:10.746313
66,1,66,2020-11-05 21:17:11.425171,2020-11-05 21:17:11.425171
67,1,67,2020-11-05 21:17:12.161739,2020-11-05 21:17:12.161739
68,1,68,2020-11-05 21:17:12.969651,2020-11-05 21:17:12.969651
69,1,69,2020-11-05 21:17:13.769032,2020-11-05 21:17:13.769032
70,1,70,2020-11-05 21:17:14.56742,2020-11-05 21:17:14.56742
71,1,71,2020-11-05 21:17:15.334661,2020-11-05 21:17:15.334661
72,1,72,2020-11-05 21:17:16.218271,2020-11-05 21:17:16.218271
73,1,73,2020-11-05 21:17:17.081846,2020-11-05 21:17:17.081846
74,1,74,2020-11-05 21:17:18.016283,2020-11-05 21:17:18.016283
75,1,75,2020-11-05 21:17:18.949896,2020-11-05 21:17:18.949896
76,1,76,2020-11-05 21:17:19.820601,2020-11-05 21:17:19.820601
77,1,77,2020-11-05 21:17:20.738583,2020-11-05 21:17:20.738583
78,1,78,2020-11-05 21:17:21.551743,2020-11-05 21:17:21.551743
79,1,79,2020-11-05 21:17:22.449462,2020-11-05 21:17:22.449462
80,1,80,2020-11-05 21:17:23.8745,2020-11-05 21:17:23.8745
81,1,81,2020-11-05 21:17:24.715376,2020-11-05 21:17:24.715376
82,1,82,2020-11-05 21:17:25.606664,2020-11-05 21:17:25.606664
83,1,83,2020-11-05 21:17:26.556614,2020-11-05 21:17:26.556614
84,1,84,2020-11-05 21:17:27.394405,2020-11-05 21:17:27.394405
85,1,85,2020-11-05 21:17:28.258056,2020-11-05 21:17:28.258056
86,1,86,2020-11-05 21:17:29.100556,2020-11-05 21:17:29.100556
87,1,87,2020-11-05 21:17:29.861034,2020-11-05 21:17:29.861034
88,1,88,2020-11-05 21:17:30.746779,2020-11-05 21:17:30.746779
89,1,89,2020-11-05 21:17:31.498591,2020-11-05 21:17:31.498591
90,1,90,2020-11-05 21:17:32.456908,2020-11-05 21:17:32.456908
91,1,91,2020-11-05 21:17:33.207603,2020-11-05 21:17:33.207603
92,1,92,2020-11-05 21:17:33.749299,2020-11-05 21:17:33.749299
93,1,93,2020-11-05 21:17:34.215325,2020-11-05 21:17:34.215325
94,1,94,2020-11-05 21:17:34.708139,2020-11-05 21:17:34.708139
95,1,95,2020-11-05 21:17:35.181784,2020-11-05 21:17:35.181784
96,1,96,2020-11-05 21:17:35.716676,2020-11-05 21:17:35.716676
97,1,97,2020-11-05 21:17:36.275971,2020-11-05 21:17:36.275971
98,1,98,2020-11-05 21:17:37.198205,2020-11-05 21:17:37.198205
99,1,99,2020-11-05 21:17:38.073195,2020-11-05 21:17:38.073195
100,1,100,2020-11-05 21:17:38.882444,2020-11-05 21:17:38.882444
101,1,101,2020-11-05 21:17:39.733559,2020-11-05 21:17:39.733559
102,1,102,2020-11-05 21:17:40.499404,2020-11-05 21:17:40.499404
103,1,103,2020-11-05 21:17:42.016615,2020-11-05 21:17:42.016615
104,1,104,2020-11-05 21:17:42.740617,2020-11-05 21:17:42.740617
105,1,105,2020-11-05 21:17:43.720577,2020-11-05 21:17:43.720577
106,1,106,2020-11-05 21:17:44.46813,2020-11-05 21:17:44.46813
107,1,107,2020-11-05 21:17:45.224987,2020-11-05 21:17:45.224987
108,1,108,2020-11-05 21:17:45.995008,2020-11-05 21:17:45.995008
109,1,109,2020-11-05 21:17:46.733328,2020-11-05 21:17:46.733328
110,1,110,2020-11-05 21:17:47.36835,2020-11-05 21:17:47.36835
111,1,111,2020-11-05 21:17:47.929196,2020-11-05 21:17:47.929196
112,1,112,2020-11-05 21:17:48.896419,2020-11-05 21:17:48.896419
113,1,113,2020-11-05 21:17:49.784422,2020-11-05 21:17:49.784422
114,1,114,2020-11-05 21:17:50.567434,2020-11-05 21:17:50.567434
115,1,115,2020-11-05 21:17:51.356808,2020-11-05 21:17:51.356808
116,1,116,2020-11-05 21:17:52.141457,2020-11-05 21:17:52.141457
117,1,117,2020-11-05 21:17:52.917094,2020-11-05 21:17:52.917094
118,1,118,2020-11-05 21:17:53.787629,2020-11-05 21:17:53.787629
119,1,119,2020-11-05 21:17:54.565487,2020-11-05 21:17:54.565487
120,1,120,2020-11-05 21:17:55.287291,2020-11-05 21:17:55.287291
121,1,121,2020-11-05 21:17:56.083066,2020-11-05 21:17:56.083066
122,1,122,2020-11-05 21:17:56.961945,2020-11-05 21:17:56.961945
123,1,123,2020-11-05 21:17:57.938167,2020-11-05 21:17:57.938167
124,1,124,2020-11-05 21:17:58.813519,2020-11-05 21:17:58.813519
125,1,125,2020-11-05 21:17:59.674065,2020-11-05 21:17:59.674065
126,1,126,2020-11-05 21:18:00.386758,2020-11-05 21:18:00.386758
127,1,127,2020-11-05 21:18:01.436937,2020-11-05 21:18:01.436937
128,1,128,2020-11-05 21:18:02.235435,2020-11-05 21:18:02.235435
129,1,129,2020-11-05 21:18:03.068634,2020-11-05 21:18:03.068634
130,1,130,2020-11-05 21:18:03.715149,2020-11-05 21:18:03.715149
131,1,131,2020-11-05 21:18:04.527857,2020-11-05 21:18:04.527857
132,1,132,2020-11-05 21:18:05.352932,2020-11-05 21:18:05.352932
133,1,133,2020-11-05 21:18:06.117063,2020-11-05 21:18:06.117063
134,1,134,2020-11-05 21:18:07.503854,2020-11-05 21:18:07.503854
135,1,135,2020-11-05 21:18:08.221843,2020-11-05 21:18:08.221843
136,1,136,2020-11-05 21:18:08.886689,2020-11-05 21:18:08.886689
137,1,137,2020-11-05 21:18:09.5994,2020-11-05 21:18:09.5994
138,1,138,2020-11-05 21:18:10.440577,2020-11-05 21:18:10.440577
139,1,139,2020-11-05 21:18:11.294963,2020-11-05 21:18:11.294963
140,1,140,2020-11-05 21:18:12.261543,2020-11-05 21:18:12.261543
141,1,141,2020-11-05 21:18:13.228227,2020-11-05 21:18:13.228227
142,1,142,2020-11-05 21:18:14.443839,2020-11-05 21:18:14.443839
143,1,143,2020-11-05 21:18:15.669037,2020-11-05 21:18:15.669037
144,1,144,2020-11-05 21:18:16.490567,2020-11-05 21:18:16.490567
145,1,145,2020-11-05 21:18:17.283822,2020-11-05 21:18:17.283822
146,1,146,2020-11-05 21:18:18.167749,2020-11-05 21:18:18.167749
147,1,147,2020-11-05 21:18:18.983747,2020-11-05 21:18:18.983747
148,1,148,2020-11-05 21:18:19.915813,2020-11-05 21:18:19.915813
149,1,149,2020-11-05 21:18:20.631314,2020-11-05 21:18:20.631314
150,1,150,2020-11-05 21:18:21.419033,2020-11-05 21:18:21.419033
151,1,151,2020-11-05 21:18:22.233363,2020-11-05 21:18:22.233363
152,2,152,2020-11-05 21:18:22.887539,2020-11-05 21:18:22.887539
153,2,153,2020-11-05 21:18:23.572972,2020-11-05 21:18:23.572972
154,2,154,2020-11-05 21:18:24.402188,2020-11-05 21:18:24.402188
155,2,155,2020-11-05 21:18:24.860795,2020-11-05 21:18:24.860795
156,2,156,2020-11-05 21:18:25.543598,2020-11-05 21:18:25.543598
157,2,157,2020-11-05 21:18:26.231671,2020-11-05 21:18:26.231671
158,2,158,2020-11-05 21:18:27.990558,2020-11-05 21:18:27.990558
159,2,159,2020-11-05 21:18:28.545726,2020-11-05 21:18:28.545726
160,2,160,2020-11-05 21:18:29.228415,2020-11-05 21:18:29.228415
161,2,161,2020-11-05 21:18:29.896122,2020-11-05 21:18:29.896122
162,2,162,2020-11-05 21:18:30.612227,2020-11-05 21:18:30.612227
163,2,163,2020-11-05 21:18:31.4581,2020-11-05 21:18:31.4581
164,2,164,2020-11-05 21:18:32.330512,2020-11-05 21:18:32.330512
165,2,165,2020-11-05 21:18:33.285986,2020-11-05 21:18:33.285986
166,2,166,2020-11-05 21:18:34.112722,2020-11-05 21:18:34.112722
167,2,167,2020-11-05 21:18:35.149507,2020-11-05 21:18:35.149507
168,2,168,2020-11-05 21:18:36.051939,2020-11-05 21:18:36.051939
169,2,169,2020-11-05 21:18:36.91745,2020-11-05 21:18:36.91745
170,2,170,2020-11-05 21:18:37.665454,2020-11-05 21:18:37.665454
171,2,171,2020-11-05 21:18:38.60192,2020-11-05 21:18:38.60192
172,2,172,2020-11-05 21:18:39.442687,2020-11-05 21:18:39.442687
173,2,173,2020-11-05 21:18:40.274705,2020-11-05 21:18:40.274705
174,2,174,2020-11-05 21:18:41.039981,2020-11-05 21:18:41.039981
175,2,175,2020-11-05 21:18:41.942606,2020-11-05 21:18:41.942606
176,2,176,2020-11-05 21:18:42.687012,2020-11-05 21:18:42.687012
177,2,177,2020-11-05 21:18:43.491281,2020-11-05 21:18:43.491281
178,2,178,2020-11-05 21:18:44.408397,2020-11-05 21:18:44.408397
179,2,179,2020-11-05 21:18:45.473978,2020-11-05 21:18:45.473978
180,2,180,2020-11-05 21:18:46.33338,2020-11-05 21:18:46.33338
181,2,181,2020-11-05 21:18:47.068594,2020-11-05 21:18:47.068594
182,2,182,2020-11-05 21:18:47.745095,2020-11-05 21:18:47.745095
183,2,183,2020-11-05 21:18:48.41348,2020-11-05 21:18:48.41348
184,2,184,2020-11-05 21:18:49.272684,2020-11-05 21:18:49.272684
185,2,185,2020-11-05 21:18:50.194118,2020-11-05 21:18:50.194118
186,2,186,2020-11-05 21:18:51.626064,2020-11-05 21:18:51.626064
187,2,187,2020-11-05 21:18:52.477237,2020-11-05 21:18:52.477237
188,2,188,2020-11-05 21:18:53.420015,2020-11-05 21:18:53.420015
189,2,189,2020-11-05 21:18:54.346138,2020-11-05 21:18:54.346138
190,2,190,2020-11-05 21:18:55.288688,2020-11-05 21:18:55.288688
191,2,191,2020-11-05 21:18:56.184301,2020-11-05 21:18:56.184301
192,2,192,2020-11-05 21:18:56.917258,2020-11-05 21:18:56.917258
193,2,193,2020-11-05 21:18:57.761739,2020-11-05 21:18:57.761739
194,2,194,2020-11-05 21:18:58.644204,2020-11-05 21:18:58.644204
195,2,195,2020-11-05 21:18:59.468516,2020-11-05 21:18:59.468516
196,2,196,2020-11-05 21:19:00.484717,2020-11-05 21:19:00.484717
197,2,197,2020-11-05 21:19:01.282596,2020-11-05 21:19:01.282596
198,2,198,2020-11-05 21:19:02.065788,2020-11-05 21:19:02.065788
199,2,199,2020-11-05 21:19:02.98514,2020-11-05 21:19:02.98514
200,2,200,2020-11-05 21:19:03.888951,2020-11-05 21:19:03.888951
201,2,201,2020-11-05 21:19:04.481487,2020-11-05 21:19:04.481487
202,2,202,2020-11-05 21:19:05.252985,2020-11-05 21:19:05.252985
203,2,203,2020-11-05 21:19:06.111705,2020-11-05 21:19:06.111705
204,2,204,2020-11-05 21:19:07.012979,2020-11-05 21:19:07.012979
205,2,205,2020-11-05 21:19:07.766558,2020-11-05 21:19:07.766558
206,2,206,2020-11-05 21:19:08.566855,2020-11-05 21:19:08.566855
207,2,207,2020-11-05 21:19:09.348274,2020-11-05 21:19:09.348274
208,2,208,2020-11-05 21:19:10.342241,2020-11-05 21:19:10.342241
209,2,209,2020-11-05 21:19:11.330225,2020-11-05 21:19:11.330225
210,2,210,2020-11-05 21:19:12.200795,2020-11-05 21:19:12.200795
211,2,211,2020-11-05 21:19:13.065083,2020-11-05 21:19:13.065083
212,2,212,2020-11-05 21:19:13.953121,2020-11-05 21:19:13.953121
213,2,213,2020-11-05 21:19:15.116087,2020-11-05 21:19:15.116087
214,2,214,2020-11-05 21:19:16.151741,2020-11-05 21:19:16.151741
215,2,215,2020-11-05 21:19:17.096778,2020-11-05 21:19:17.096778
216,2,216,2020-11-05 21:19:17.998798,2020-11-05 21:19:17.998798
217,2,217,2020-11-05 21:19:19.017984,2020-11-05 21:19:19.017984
218,2,218,2020-11-05 21:19:19.764973,2020-11-05 21:19:19.764973
219,2,219,2020-11-05 21:19:20.731613,2020-11-05 21:19:20.731613
220,2,220,2020-11-05 21:19:21.599918,2020-11-05 21:19:21.599918
221,2,221,2020-11-05 21:19:22.32396,2020-11-05 21:19:22.32396
222,2,222,2020-11-05 21:19:23.004443,2020-11-05 21:19:23.004443
223,2,223,2020-11-05 21:19:23.767465,2020-11-05 21:19:23.767465
224,2,224,2020-11-05 21:19:24.403551,2020-11-05 21:19:24.403551
225,2,225,2020-11-05 21:19:25.294142,2020-11-05 21:19:25.294142
226,2,226,2020-11-05 21:19:26.265599,2020-11-05 21:19:26.265599
227,2,227,2020-11-05 21:19:27.116574,2020-11-05 21:19:27.116574
228,2,228,2020-11-05 21:19:27.957738,2020-11-05 21:19:27.957738
229,2,229,2020-11-05 21:19:28.934464,2020-11-05 21:19:28.934464
230,2,230,2020-11-05 21:19:29.78402,2020-11-05 21:19:29.78402
231,2,231,2020-11-05 21:19:30.630282,2020-11-05 21:19:30.630282
232,2,232,2020-11-05 21:19:31.345613,2020-11-05 21:19:31.345613
233,2,233,2020-11-05 21:19:32.071742,2020-11-05 21:19:32.071742
234,2,234,2020-11-05 21:19:32.966311,2020-11-05 21:19:32.966311
235,2,235,2020-11-05 21:19:33.679497,2020-11-05 21:19:33.679497
236,2,236,2020-11-05 21:19:34.408689,2020-11-05 21:19:34.408689
237,2,237,2020-11-05 21:19:35.034172,2020-11-05 21:19:35.034172
238,2,238,2020-11-05 21:19:35.815724,2020-11-05 21:19:35.815724
239,2,239,2020-11-05 21:19:36.706099,2020-11-05 21:19:36.706099
240,2,240,2020-11-05 21:19:37.460278,2020-11-05 21:19:37.460278
241,2,241,2020-11-05 21:19:38.226187,2020-11-05 21:19:38.226187
242,2,242,2020-11-05 21:19:39.034971,2020-11-05 21:19:39.034971
243,2,243,2020-11-05 21:19:39.84093,2020-11-05 21:19:39.84093
244,2,244,2020-11-05 21:19:40.626405,2020-11-05 21:19:40.626405
245,2,245,2020-11-05 21:19:41.396919,2020-11-05 21:19:41.396919
246,2,246,2020-11-05 21:19:42.09585,2020-11-05 21:19:42.09585
247,2,247,2020-11-05 21:19:42.896029,2020-11-05 21:19:42.896029
248,2,248,2020-11-05 21:19:43.616189,2020-11-05 21:19:43.616189
249,2,249,2020-11-05 21:19:44.393852,2020-11-05 21:19:44.393852
250,2,250,2020-11-05 21:19:45.489453,2020-11-05 21:19:45.489453
251,2,251,2020-11-05 21:19:46.542248,2020-11-05 21:19:46.542248
252,3,252,2020-11-05 21:19:47.442856,2020-11-05 21:19:47.442856
253,3,253,2020-11-05 21:19:48.080201,2020-11-05 21:19:48.080201
254,3,254,2020-11-05 21:19:49.586173,2020-11-05 21:19:49.586173
255,3,255,2020-11-05 21:19:50.273447,2020-11-05 21:19:50.273447
256,3,256,2020-11-05 21:19:50.955986,2020-11-05 21:19:50.955986
257,3,257,2020-11-05 21:19:51.805139,2020-11-05 21:19:51.805139
258,3,258,2020-11-05 21:19:52.613212,2020-11-05 21:19:52.613212
259,3,259,2020-11-05 21:19:53.243564,2020-11-05 21:19:53.243564
260,3,260,2020-11-05 21:19:54.060236,2020-11-05 21:19:54.060236
261,3,261,2020-11-05 21:19:54.811893,2020-11-05 21:19:54.811893
262,3,262,2020-11-05 21:19:55.534009,2020-11-05 21:19:55.534009
263,3,263,2020-11-05 21:19:57.317245,2020-11-05 21:19:57.317245
264,3,264,2020-11-05 21:19:58.159652,2020-11-05 21:19:58.159652
265,3,265,2020-11-05 21:19:59.548997,2020-11-05 21:19:59.548997
266,3,266,2020-11-05 21:20:00.175742,2020-11-05 21:20:00.175742
267,3,267,2020-11-05 21:20:00.765809,2020-11-05 21:20:00.765809
268,3,268,2020-11-05 21:20:01.482755,2020-11-05 21:20:01.482755
269,3,269,2020-11-05 21:20:02.340677,2020-11-05 21:20:02.340677
270,3,270,2020-11-05 21:20:03.143387,2020-11-05 21:20:03.143387
271,3,271,2020-11-05 21:20:04.652101,2020-11-05 21:20:04.652101
272,3,272,2020-11-05 21:20:06.405271,2020-11-05 21:20:06.405271
273,3,273,2020-11-05 21:20:07.384732,2020-11-05 21:20:07.384732
274,3,274,2020-11-05 21:20:08.143247,2020-11-05 21:20:08.143247
275,3,275,2020-11-05 21:20:08.930517,2020-11-05 21:20:08.930517
276,3,276,2020-11-05 21:20:09.794255,2020-11-05 21:20:09.794255
277,3,277,2020-11-05 21:20:10.583106,2020-11-05 21:20:10.583106
278,3,278,2020-11-05 21:20:11.384424,2020-11-05 21:20:11.384424
279,3,279,2020-11-05 21:20:12.276099,2020-11-05 21:20:12.276099
280,3,280,2020-11-05 21:20:13.292761,2020-11-05 21:20:13.292761
281,3,281,2020-11-05 21:20:14.282396,2020-11-05 21:20:14.282396
282,3,282,2020-11-05 21:20:15.176456,2020-11-05 21:20:15.176456
283,3,283,2020-11-05 21:20:16.029015,2020-11-05 21:20:16.029015
284,3,284,2020-11-05 21:20:16.768641,2020-11-05 21:20:16.768641
285,3,285,2020-11-05 21:20:17.679087,2020-11-05 21:20:17.679087
286,3,286,2020-11-05 21:20:18.555267,2020-11-05 21:20:18.555267
287,3,287,2020-11-05 21:20:19.414048,2020-11-05 21:20:19.414048
288,3,288,2020-11-05 21:20:20.035756,2020-11-05 21:20:20.035756
289,3,289,2020-11-05 21:20:20.641833,2020-11-05 21:20:20.641833
290,3,290,2020-11-05 21:20:21.238376,2020-11-05 21:20:21.238376
291,3,291,2020-11-05 21:20:22.076696,2020-11-05 21:20:22.076696
292,3,292,2020-11-05 21:20:22.937755,2020-11-05 21:20:22.937755
293,3,293,2020-11-05 21:20:23.705975,2020-11-05 21:20:23.705975
294,3,294,2020-11-05 21:20:25.208131,2020-11-05 21:20:25.208131
295,3,295,2020-11-05 21:20:25.781986,2020-11-05 21:20:25.781986
296,3,296,2020-11-05 21:20:26.421839,2020-11-05 21:20:26.421839
297,3,297,2020-11-05 21:20:27.196338,2020-11-05 21:20:27.196338
298,3,298,2020-11-05 21:20:27.953052,2020-11-05 21:20:27.953052
299,3,299,2020-11-05 21:20:28.813008,2020-11-05 21:20:28.813008
300,3,300,2020-11-05 21:20:29.593403,2020-11-05 21:20:29.593403
301,3,301,2020-11-05 21:20:30.491982,2020-11-05 21:20:30.491982
302,3,302,2020-11-05 21:20:31.280516,2020-11-05 21:20:31.280516
303,3,303,2020-11-05 21:20:32.473893,2020-11-05 21:20:32.473893
304,3,304,2020-11-05 21:20:33.291909,2020-11-05 21:20:33.291909
305,3,305,2020-11-05 21:20:34.254879,2020-11-05 21:20:34.254879
306,3,306,2020-11-05 21:20:34.958434,2020-11-05 21:20:34.958434
307,3,307,2020-11-05 21:20:36.526639,2020-11-05 21:20:36.526639
308,3,308,2020-11-05 21:20:38.295713,2020-11-05 21:20:38.295713
309,3,309,2020-11-05 21:20:39.409043,2020-11-05 21:20:39.409043
310,3,310,2020-11-05 21:20:40.259301,2020-11-05 21:20:40.259301
311,3,311,2020-11-05 21:20:41.022333,2020-11-05 21:20:41.022333
312,3,312,2020-11-05 21:20:41.702252,2020-11-05 21:20:41.702252
313,3,313,2020-11-05 21:20:42.432575,2020-11-05 21:20:42.432575
314,3,314,2020-11-05 21:20:43.202891,2020-11-05 21:20:43.202891
315,3,315,2020-11-05 21:20:44.018491,2020-11-05 21:20:44.018491
316,3,316,2020-11-05 21:20:44.878452,2020-11-05 21:20:44.878452
317,3,317,2020-11-05 21:20:46.307892,2020-11-05 21:20:46.307892
318,3,318,2020-11-05 21:20:46.932406,2020-11-05 21:20:46.932406
319,3,319,2020-11-05 21:20:47.680608,2020-11-05 21:20:47.680608
320,3,320,2020-11-05 21:20:50.819293,2020-11-05 21:20:50.819293
321,3,321,2020-11-05 21:20:52.438549,2020-11-05 21:20:52.438549
322,3,322,2020-11-05 21:20:53.053565,2020-11-05 21:20:53.053565
323,3,323,2020-11-05 21:20:53.975306,2020-11-05 21:20:53.975306
324,3,324,2020-11-05 21:20:55.554398,2020-11-05 21:20:55.554398
325,3,325,2020-11-05 21:20:56.340567,2020-11-05 21:20:56.340567
326,3,326,2020-11-05 21:20:57.14448,2020-11-05 21:20:57.14448
327,3,327,2020-11-05 21:20:57.957973,2020-11-05 21:20:57.957973
328,3,328,2020-11-05 21:20:58.80568,2020-11-05 21:20:58.80568
329,3,329,2020-11-05 21:20:59.55255,2020-11-05 21:20:59.55255
330,3,330,2020-11-05 21:21:00.232936,2020-11-05 21:21:00.232936
331,3,331,2020-11-05 21:21:01.869283,2020-11-05 21:21:01.869283
332,3,332,2020-11-05 21:21:02.457889,2020-11-05 21:21:02.457889
333,3,333,2020-11-05 21:21:03.361149,2020-11-05 21:21:03.361149
334,3,334,2020-11-05 21:21:05.104627,2020-11-05 21:21:05.104627
335,3,335,2020-11-05 21:21:05.855923,2020-11-05 21:21:05.855923
336,3,336,2020-11-05 21:21:06.504481,2020-11-05 21:21:06.504481
337,3,337,2020-11-05 21:21:07.272375,2020-11-05 21:21:07.272375
338,3,338,2020-11-05 21:21:07.994775,2020-11-05 21:21:07.994775
339,3,339,2020-11-05 21:21:08.661187,2020-11-05 21:21:08.661187
340,3,340,2020-11-05 21:21:09.491996,2020-11-05 21:21:09.491996
341,3,341,2020-11-05 21:21:10.438836,2020-11-05 21:21:10.438836
342,3,342,2020-11-05 21:21:11.79751,2020-11-05 21:21:11.79751
343,3,343,2020-11-05 21:21:13.306456,2020-11-05 21:21:13.306456
344,3,344,2020-11-05 21:21:13.991401,2020-11-05 21:21:13.991401
345,3,345,2020-11-05 21:21:15.302678,2020-11-05 21:21:15.302678
346,3,346,2020-11-05 21:21:16.046444,2020-11-05 21:21:16.046444
347,3,347,2020-11-05 21:21:16.807929,2020-11-05 21:21:16.807929
348,3,348,2020-11-05 21:21:17.644191,2020-11-05 21:21:17.644191
349,3,349,2020-11-05 21:21:18.641277,2020-11-05 21:21:18.641277
350,3,350,2020-11-05 21:21:20.146722,2020-11-05 21:21:20.146722
351,3,351,2020-11-05 21:21:20.92063,2020-11-05 21:21:20.92063
352,3,352,2020-11-05 21:21:21.553358,2020-11-05 21:21:21.553358
353,3,353,2020-11-05 21:21:22.902786,2020-11-05 21:21:22.902786
354,3,354,2020-11-05 21:21:23.590668,2020-11-05 21:21:23.590668
355,3,355,2020-11-05 21:21:25.253969,2020-11-05 21:21:25.253969
356,3,356,2020-11-05 21:21:26.537202,2020-11-05 21:21:26.537202
357,3,357,2020-11-05 21:21:27.218875,2020-11-05 21:21:27.218875
358,3,358,2020-11-05 21:21:28.436467,2020-11-05 21:21:28.436467
359,3,359,2020-11-05 21:21:29.201432,2020-11-05 21:21:29.201432
360,3,360,2020-11-05 21:21:30.44337,2020-11-05 21:21:30.44337
361,3,361,2020-11-05 21:21:32.119647,2020-11-05 21:21:32.119647
362,3,362,2020-11-05 21:21:32.953966,2020-11-05 21:21:32.953966
363,3,363,2020-11-05 21:21:34.398623,2020-11-05 21:21:34.398623
364,3,364,2020-11-05 21:21:36.114646,2020-11-05 21:21:36.114646
365,3,365,2020-11-05 21:21:36.918771,2020-11-05 21:21:36.918771
366,3,366,2020-11-05 21:21:38.034453,2020-11-05 21:21:38.034453
367,3,367,2020-11-05 21:21:38.790835,2020-11-05 21:21:38.790835
368,3,368,2020-11-05 21:21:40.087592,2020-11-05 21:21:40.087592
369,3,369,2020-11-05 21:21:40.785569,2020-11-05 21:21:40.785569
370,3,370,2020-11-05 21:21:42.621051,2020-11-05 21:21:42.621051
371,3,371,2020-11-05 21:21:43.277418,2020-11-05 21:21:43.277418
372,3,372,2020-11-05 21:21:43.906699,2020-11-05 21:21:43.906699
373,3,373,2020-11-05 21:21:45.342203,2020-11-05 21:21:45.342203
374,3,374,2020-11-05 21:21:46.175744,2020-11-05 21:21:46.175744
375,3,375,2020-11-05 21:21:46.971425,2020-11-05 21:21:46.971425
376,3,376,2020-11-05 21:21:48.449116,2020-11-05 21:21:48.449116
377,3,377,2020-11-05 21:21:50.2679,2020-11-05 21:21:50.2679
378,3,378,2020-11-05 21:21:50.851096,2020-11-05 21:21:50.851096
379,3,379,2020-11-05 21:21:51.62109,2020-11-05 21:21:51.62109
380,3,380,2020-11-05 21:21:52.2906,2020-11-05 21:21:52.2906
381,3,381,2020-11-05 21:21:52.979422,2020-11-05 21:21:52.979422
382,3,382,2020-11-05 21:21:53.974152,2020-11-05 21:21:53.974152
383,3,383,2020-11-05 21:21:54.684384,2020-11-05 21:21:54.684384
384,3,384,2020-11-05 21:21:55.273642,2020-11-05 21:21:55.273642
385,3,385,2020-11-05 21:21:56.611773,2020-11-05 21:21:56.611773
386,3,386,2020-11-05 21:21:58.385283,2020-11-05 21:21:58.385283
387,4,387,2020-11-05 21:21:58.964855,2020-11-05 21:21:58.964855
388,4,388,2020-11-05 21:21:59.67325,2020-11-05 21:21:59.67325
389,4,389,2020-11-05 21:22:00.293393,2020-11-05 21:22:00.293393
390,4,390,2020-11-05 21:22:01.373762,2020-11-05 21:22:01.373762
391,4,391,2020-11-05 21:22:02.035219,2020-11-05 21:22:02.035219
392,4,392,2020-11-05 21:22:02.887068,2020-11-05 21:22:02.887068
393,4,393,2020-11-05 21:22:03.810131,2020-11-05 21:22:03.810131
394,4,394,2020-11-05 21:22:04.566553,2020-11-05 21:22:04.566553
395,4,395,2020-11-05 21:22:05.261483,2020-11-05 21:22:05.261483
396,4,396,2020-11-05 21:22:06.028246,2020-11-05 21:22:06.028246
397,4,397,2020-11-05 21:22:06.809089,2020-11-05 21:22:06.809089
398,4,398,2020-11-05 21:22:07.575965,2020-11-05 21:22:07.575965
399,4,399,2020-11-05 21:22:08.392922,2020-11-05 21:22:08.392922
400,4,400,2020-11-05 21:22:09.293717,2020-11-05 21:22:09.293717
401,4,401,2020-11-05 21:22:10.123741,2020-11-05 21:22:10.123741
402,4,402,2020-11-05 21:22:10.851752,2020-11-05 21:22:10.851752
403,4,403,2020-11-05 21:22:12.125419,2020-11-05 21:22:12.125419
404,4,404,2020-11-05 21:22:12.784281,2020-11-05 21:22:12.784281
405,4,405,2020-11-05 21:22:13.241154,2020-11-05 21:22:13.241154
406,4,406,2020-11-05 21:22:13.730248,2020-11-05 21:22:13.730248
407,4,407,2020-11-05 21:22:14.725828,2020-11-05 21:22:14.725828
408,4,408,2020-11-05 21:22:15.576449,2020-11-05 21:22:15.576449
409,4,409,2020-11-05 21:22:16.285082,2020-11-05 21:22:16.285082
410,4,410,2020-11-05 21:22:16.942276,2020-11-05 21:22:16.942276
411,4,411,2020-11-05 21:22:17.752823,2020-11-05 21:22:17.752823
412,4,412,2020-11-05 21:22:18.525802,2020-11-05 21:22:18.525802
413,4,413,2020-11-05 21:22:19.348678,2020-11-05 21:22:19.348678
414,4,414,2020-11-05 21:22:20.090945,2020-11-05 21:22:20.090945
415,4,415,2020-11-05 21:22:20.851276,2020-11-05 21:22:20.851276
416,4,416,2020-11-05 21:22:21.644782,2020-11-05 21:22:21.644782
417,4,417,2020-11-05 21:22:22.992415,2020-11-05 21:22:22.992415
418,4,418,2020-11-05 21:22:23.8027,2020-11-05 21:22:23.8027
419,4,419,2020-11-05 21:22:24.503544,2020-11-05 21:22:24.503544
420,4,420,2020-11-05 21:22:25.165854,2020-11-05 21:22:25.165854
421,4,421,2020-11-05 21:22:25.757575,2020-11-05 21:22:25.757575
422,4,422,2020-11-05 21:22:26.333455,2020-11-05 21:22:26.333455
423,4,423,2020-11-05 21:22:27.134478,2020-11-05 21:22:27.134478
424,4,424,2020-11-05 21:22:28.667137,2020-11-05 21:22:28.667137
425,4,425,2020-11-05 21:22:29.403389,2020-11-05 21:22:29.403389
426,4,426,2020-11-05 21:22:30.294761,2020-11-05 21:22:30.294761
427,4,427,2020-11-05 21:22:32.057556,2020-11-05 21:22:32.057556
428,4,428,2020-11-05 21:22:32.789115,2020-11-05 21:22:32.789115
429,4,429,2020-11-05 21:22:33.707228,2020-11-05 21:22:33.707228
430,4,430,2020-11-05 21:22:34.333634,2020-11-05 21:22:34.333634
431,4,431,2020-11-05 21:22:34.963336,2020-11-05 21:22:34.963336
432,4,432,2020-11-05 21:22:35.748965,2020-11-05 21:22:35.748965
433,4,433,2020-11-05 21:22:36.523528,2020-11-05 21:22:36.523528
434,4,434,2020-11-05 21:22:37.192044,2020-11-05 21:22:37.192044
435,4,435,2020-11-05 21:22:38.052188,2020-11-05 21:22:38.052188
436,4,436,2020-11-05 21:22:38.968073,2020-11-05 21:22:38.968073
437,4,437,2020-11-05 21:22:40.704146,2020-11-05 21:22:40.704146
438,4,438,2020-11-05 21:22:41.582575,2020-11-05 21:22:41.582575
439,4,439,2020-11-05 21:22:42.992979,2020-11-05 21:22:42.992979
440,4,440,2020-11-05 21:22:43.858558,2020-11-05 21:22:43.858558
441,4,441,2020-11-05 21:22:44.890474,2020-11-05 21:22:44.890474
442,4,442,2020-11-05 21:22:45.76385,2020-11-05 21:22:45.76385
443,4,443,2020-11-05 21:22:46.558601,2020-11-05 21:22:46.558601
444,4,444,2020-11-05 21:22:47.420205,2020-11-05 21:22:47.420205
445,4,445,2020-11-05 21:22:48.19012,2020-11-05 21:22:48.19012
446,4,446,2020-11-05 21:22:49.03762,2020-11-05 21:22:49.03762
447,4,447,2020-11-05 21:22:49.752953,2020-11-05 21:22:49.752953
448,4,448,2020-11-05 21:22:50.649933,2020-11-05 21:22:50.649933
449,4,449,2020-11-05 21:22:51.390123,2020-11-05 21:22:51.390123
450,4,450,2020-11-05 21:22:51.932274,2020-11-05 21:22:51.932274
451,4,451,2020-11-05 21:22:53.602852,2020-11-05 21:22:53.602852
452,4,452,2020-11-05 21:22:54.491303,2020-11-05 21:22:54.491303
453,4,453,2020-11-05 21:22:55.390681,2020-11-05 21:22:55.390681
454,4,454,2020-11-05 21:22:56.276192,2020-11-05 21:22:56.276192
455,4,455,2020-11-05 21:22:57.879272,2020-11-05 21:22:57.879272
456,4,456,2020-11-05 21:22:58.433397,2020-11-05 21:22:58.433397
457,4,457,2020-11-05 21:22:59.214428,2020-11-05 21:22:59.214428
458,4,458,2020-11-05 21:23:00.040006,2020-11-05 21:23:00.040006
459,4,459,2020-11-05 21:23:01.612241,2020-11-05 21:23:01.612241
460,4,460,2020-11-05 21:23:03.047774,2020-11-05 21:23:03.047774
461,4,461,2020-11-05 21:23:03.889329,2020-11-05 21:23:03.889329
462,4,462,2020-11-05 21:23:04.63837,2020-11-05 21:23:04.63837
463,4,463,2020-11-05 21:23:05.638694,2020-11-05 21:23:05.638694
464,4,464,2020-11-05 21:23:06.421315,2020-11-05 21:23:06.421315
465,4,465,2020-11-05 21:23:07.28467,2020-11-05 21:23:07.28467
466,4,466,2020-11-05 21:23:08.03709,2020-11-05 21:23:08.03709
467,4,467,2020-11-05 21:23:09.746489,2020-11-05 21:23:09.746489
468,4,468,2020-11-05 21:23:11.322606,2020-11-05 21:23:11.322606
469,4,469,2020-11-05 21:23:12.13882,2020-11-05 21:23:12.13882
470,4,470,2020-11-05 21:23:13.043542,2020-11-05 21:23:13.043542
471,4,471,2020-11-05 21:23:14.531213,2020-11-05 21:23:14.531213
472,4,472,2020-11-05 21:23:15.242938,2020-11-05 21:23:15.242938
473,4,473,2020-11-05 21:23:16.056901,2020-11-05 21:23:16.056901
474,4,474,2020-11-05 21:23:17.591527,2020-11-05 21:23:17.591527
475,4,475,2020-11-05 21:23:18.408222,2020-11-05 21:23:18.408222
476,4,476,2020-11-05 21:23:19.165478,2020-11-05 21:23:19.165478
477,4,477,2020-11-05 21:23:20.05327,2020-11-05 21:23:20.05327
478,4,478,2020-11-05 21:23:20.801652,2020-11-05 21:23:20.801652
479,4,479,2020-11-05 21:23:22.298134,2020-11-05 21:23:22.298134
480,4,480,2020-11-05 21:23:22.9616,2020-11-05 21:23:22.9616
481,4,481,2020-11-05 21:23:23.543782,2020-11-05 21:23:23.543782
482,4,482,2020-11-05 21:23:24.132011,2020-11-05 21:23:24.132011
483,4,483,2020-11-05 21:23:24.748458,2020-11-05 21:23:24.748458
484,4,484,2020-11-05 21:23:25.610742,2020-11-05 21:23:25.610742
485,4,485,2020-11-05 21:23:26.384435,2020-11-05 21:23:26.384435
486,4,486,2020-11-05 21:23:27.131626,2020-11-05 21:23:27.131626
487,4,487,2020-11-05 21:23:27.735843,2020-11-05 21:23:27.735843
488,4,488,2020-11-05 21:23:29.285998,2020-11-05 21:23:29.285998
489,4,489,2020-11-05 21:23:30.448024,2020-11-05 21:23:30.448024
490,4,490,2020-11-05 21:23:30.843949,2020-11-05 21:23:30.843949
491,4,491,2020-11-05 21:23:32.068157,2020-11-05 21:23:32.068157
492,4,492,2020-11-05 21:23:33.326612,2020-11-05 21:23:33.326612
493,4,493,2020-11-05 21:23:33.86536,2020-11-05 21:23:33.86536
494,5,494,2020-11-05 21:23:34.393929,2020-11-05 21:23:34.393929
495,5,495,2020-11-05 21:23:35.015122,2020-11-05 21:23:35.015122
496,5,496,2020-11-05 21:23:35.639296,2020-11-05 21:23:35.639296
497,5,497,2020-11-05 21:23:37.132342,2020-11-05 21:23:37.132342
498,5,498,2020-11-05 21:23:38.298126,2020-11-05 21:23:38.298126
499,5,499,2020-11-05 21:23:38.967739,2020-11-05 21:23:38.967739
500,5,500,2020-11-05 21:23:39.762889,2020-11-05 21:23:39.762889
501,5,501,2020-11-05 21:23:40.633693,2020-11-05 21:23:40.633693
502,5,502,2020-11-05 21:23:42.023057,2020-11-05 21:23:42.023057
503,5,503,2020-11-05 21:23:42.719386,2020-11-05 21:23:42.719386
504,5,504,2020-11-05 21:23:43.384084,2020-11-05 21:23:43.384084
505,5,505,2020-11-05 21:23:44.269345,2020-11-05 21:23:44.269345
506,5,506,2020-11-05 21:23:45.064016,2020-11-05 21:23:45.064016
507,5,507,2020-11-05 21:23:45.781064,2020-11-05 21:23:45.781064
508,5,508,2020-11-05 21:23:46.560805,2020-11-05 21:23:46.560805
509,5,509,2020-11-05 21:23:47.311731,2020-11-05 21:23:47.311731
510,5,510,2020-11-05 21:23:48.715148,2020-11-05 21:23:48.715148
511,5,511,2020-11-05 21:23:49.514211,2020-11-05 21:23:49.514211
512,5,512,2020-11-05 21:23:50.31439,2020-11-05 21:23:50.31439
513,5,513,2020-11-05 21:23:50.979615,2020-11-05 21:23:50.979615
514,5,514,2020-11-05 21:23:51.629444,2020-11-05 21:23:51.629444
515,5,515,2020-11-05 21:23:52.344595,2020-11-05 21:23:52.344595
516,5,516,2020-11-05 21:23:53.010433,2020-11-05 21:23:53.010433
517,5,517,2020-11-05 21:23:53.751046,2020-11-05 21:23:53.751046
518,5,518,2020-11-05 21:23:54.546363,2020-11-05 21:23:54.546363
519,5,519,2020-11-05 21:23:55.283578,2020-11-05 21:23:55.283578
520,5,520,2020-11-05 21:23:56.116843,2020-11-05 21:23:56.116843
521,5,521,2020-11-05 21:23:56.849567,2020-11-05 21:23:56.849567
522,5,522,2020-11-05 21:23:57.68811,2020-11-05 21:23:57.68811
523,5,523,2020-11-05 21:23:58.46364,2020-11-05 21:23:58.46364
524,5,524,2020-11-05 21:23:59.231779,2020-11-05 21:23:59.231779
525,5,525,2020-11-05 21:24:00.988145,2020-11-05 21:24:00.988145
526,5,526,2020-11-05 21:24:02.446796,2020-11-05 21:24:02.446796
527,5,527,2020-11-05 21:24:03.209256,2020-11-05 21:24:03.209256
528,5,528,2020-11-05 21:24:04.657442,2020-11-05 21:24:04.657442
529,5,529,2020-11-05 21:24:05.536199,2020-11-05 21:24:05.536199
530,5,530,2020-11-05 21:24:06.327621,2020-11-05 21:24:06.327621
531,5,531,2020-11-05 21:24:07.458042,2020-11-05 21:24:07.458042
532,5,532,2020-11-05 21:24:08.680153,2020-11-05 21:24:08.680153
533,5,533,2020-11-05 21:24:09.337983,2020-11-05 21:24:09.337983
534,5,534,2020-11-05 21:24:10.644515,2020-11-05 21:24:10.644515
535,5,535,2020-11-05 21:24:11.834276,2020-11-05 21:24:11.834276
536,5,536,2020-11-05 21:24:12.458214,2020-11-05 21:24:12.458214
537,5,537,2020-11-05 21:24:13.664554,2020-11-05 21:24:13.664554
538,5,538,2020-11-05 21:24:14.226524,2020-11-05 21:24:14.226524
539,5,539,2020-11-05 21:24:15.265813,2020-11-05 21:24:15.265813
540,5,540,2020-11-05 21:24:15.715989,2020-11-05 21:24:15.715989
541,5,541,2020-11-05 21:24:16.25286,2020-11-05 21:24:16.25286
542,5,542,2020-11-05 21:24:16.880627,2020-11-05 21:24:16.880627
543,5,543,2020-11-05 21:24:17.474224,2020-11-05 21:24:17.474224
544,5,544,2020-11-05 21:24:18.04384,2020-11-05 21:24:18.04384
545,5,545,2020-11-05 21:24:18.6513,2020-11-05 21:24:18.6513
546,5,546,2020-11-05 21:24:19.277117,2020-11-05 21:24:19.277117
547,5,547,2020-11-05 21:24:20.534996,2020-11-05 21:24:20.534996
548,5,548,2020-11-05 21:24:21.216541,2020-11-05 21:24:21.216541
549,5,549,2020-11-05 21:24:21.777825,2020-11-05 21:24:21.777825
550,5,550,2020-11-05 21:24:22.411985,2020-11-05 21:24:22.411985
551,5,551,2020-11-05 21:24:23.472517,2020-11-05 21:24:23.472517
552,5,552,2020-11-05 21:24:23.985756,2020-11-05 21:24:23.985756
553,5,553,2020-11-05 21:24:24.67336,2020-11-05 21:24:24.67336
554,5,554,2020-11-05 21:24:25.312625,2020-11-05 21:24:25.312625
555,5,555,2020-11-05 21:24:26.497839,2020-11-05 21:24:26.497839
556,5,556,2020-11-05 21:24:27.041128,2020-11-05 21:24:27.041128
557,5,557,2020-11-05 21:24:27.54155,2020-11-05 21:24:27.54155
558,5,558,2020-11-05 21:24:28.113201,2020-11-05 21:24:28.113201
559,5,559,2020-11-05 21:24:28.86735,2020-11-05 21:24:28.86735
560,5,560,2020-11-05 21:24:29.599751,2020-11-05 21:24:29.599751
561,5,561,2020-11-05 21:24:30.464215,2020-11-05 21:24:30.464215
562,5,562,2020-11-05 21:24:31.00307,2020-11-05 21:24:31.00307
563,5,563,2020-11-05 21:24:32.092718,2020-11-05 21:24:32.092718
564,5,564,2020-11-05 21:24:32.439139,2020-11-05 21:24:32.439139
565,5,565,2020-11-05 21:24:32.967496,2020-11-05 21:24:32.967496
566,5,566,2020-11-05 21:24:34.315414,2020-11-05 21:24:34.315414
567,5,567,2020-11-05 21:24:35.657444,2020-11-05 21:24:35.657444
568,5,568,2020-11-05 21:24:36.331209,2020-11-05 21:24:36.331209
569,5,569,2020-11-05 21:24:36.882211,2020-11-05 21:24:36.882211
570,5,570,2020-11-05 21:24:37.86706,2020-11-05 21:24:37.86706
571,5,571,2020-11-05 21:24:38.268984,2020-11-05 21:24:38.268984
572,5,572,2020-11-05 21:24:38.751336,2020-11-05 21:24:38.751336
573,5,573,2020-11-05 21:24:39.434411,2020-11-05 21:24:39.434411
574,5,574,2020-11-05 21:24:41.171699,2020-11-05 21:24:41.171699
575,5,575,2020-11-05 21:24:41.81157,2020-11-05 21:24:41.81157
576,5,576,2020-11-05 21:24:42.465104,2020-11-05 21:24:42.465104
577,5,577,2020-11-05 21:24:43.18094,2020-11-05 21:24:43.18094
578,5,578,2020-11-05 21:24:43.8039,2020-11-05 21:24:43.8039
579,5,579,2020-11-05 21:24:44.378189,2020-11-05 21:24:44.378189
580,5,580,2020-11-05 21:24:45.143327,2020-11-05 21:24:45.143327
581,5,581,2020-11-05 21:24:46.765634,2020-11-05 21:24:46.765634
582,5,582,2020-11-05 21:24:47.439727,2020-11-05 21:24:47.439727
583,5,583,2020-11-05 21:24:48.119279,2020-11-05 21:24:48.119279
584,5,584,2020-11-05 21:24:49.552274,2020-11-05 21:24:49.552274
585,5,585,2020-11-05 21:24:50.3021,2020-11-05 21:24:50.3021
586,5,586,2020-11-05 21:24:51.035115,2020-11-05 21:24:51.035115
587,5,587,2020-11-05 21:24:51.805606,2020-11-05 21:24:51.805606
588,5,588,2020-11-05 21:24:54.394526,2020-11-05 21:24:54.394526
589,5,589,2020-11-05 21:24:56.512549,2020-11-05 21:24:56.512549
590,5,590,2020-11-05 21:24:57.852767,2020-11-05 21:24:57.852767
591,5,591,2020-11-05 21:24:59.141792,2020-11-05 21:24:59.141792
592,5,592,2020-11-05 21:24:59.587572,2020-11-05 21:24:59.587572
593,5,593,2020-11-05 21:25:00.443255,2020-11-05 21:25:00.443255
594,5,594,2020-11-05 21:25:01.104645,2020-11-05 21:25:01.104645
595,5,595,2020-11-05 21:25:01.638021,2020-11-05 21:25:01.638021
596,5,596,2020-11-05 21:25:03.272245,2020-11-05 21:25:03.272245
597,5,597,2020-11-05 21:25:03.780672,2020-11-05 21:25:03.780672
598,5,598,2020-11-05 21:25:04.251989,2020-11-05 21:25:04.251989
599,5,599,2020-11-05 21:25:04.843264,2020-11-05 21:25:04.843264
600,5,600,2020-11-05 21:25:05.378673,2020-11-05 21:25:05.378673
601,5,601,2020-11-05 21:25:05.990436,2020-11-05 21:25:05.990436
602,5,602,2020-11-05 21:25:06.623956,2020-11-05 21:25:06.623956
603,5,603,2020-11-05 21:25:07.24828,2020-11-05 21:25:07.24828
604,5,604,2020-11-05 21:25:07.72892,2020-11-05 21:25:07.72892
605,5,605,2020-11-05 21:25:08.083985,2020-11-05 21:25:08.083985
606,5,606,2020-11-05 21:25:09.053661,2020-11-05 21:25:09.053661
607,5,607,2020-11-05 21:25:09.672849,2020-11-05 21:25:09.672849
608,5,608,2020-11-05 21:25:10.262485,2020-11-05 21:25:10.262485
609,5,609,2020-11-05 21:25:10.870772,2020-11-05 21:25:10.870772
610,5,610,2020-11-05 21:25:11.404506,2020-11-05 21:25:11.404506
611,5,611,2020-11-05 21:25:11.853502,2020-11-05 21:25:11.853502
612,5,612,2020-11-05 21:25:12.336892,2020-11-05 21:25:12.336892
613,5,613,2020-11-05 21:25:12.901766,2020-11-05 21:25:12.901766
614,5,614,2020-11-05 21:25:13.428405,2020-11-05 21:25:13.428405
615,5,615,2020-11-05 21:25:14.149374,2020-11-05 21:25:14.149374
616,5,616,2020-11-05 21:25:14.555822,2020-11-05 21:25:14.555822
617,5,617,2020-11-05 21:25:15.984584,2020-11-05 21:25:15.984584
618,5,618,2020-11-05 21:25:16.97469,2020-11-05 21:25:16.97469
619,5,619,2020-11-05 21:25:17.460813,2020-11-05 21:25:17.460813
620,5,620,2020-11-05 21:25:17.927539,2020-11-05 21:25:17.927539
621,5,621,2020-11-05 21:25:19.178765,2020-11-05 21:25:19.178765
622,5,622,2020-11-05 21:25:19.721396,2020-11-05 21:25:19.721396
623,5,623,2020-11-05 21:25:20.352202,2020-11-05 21:25:20.352202
624,5,624,2020-11-05 21:25:20.937368,2020-11-05 21:25:20.937368
625,5,625,2020-11-05 21:25:22.810257,2020-11-05 21:25:22.810257
626,5,626,2020-11-05 21:25:23.43443,2020-11-05 21:25:23.43443
627,5,627,2020-11-05 21:25:23.971795,2020-11-05 21:25:23.971795
628,5,628,2020-11-05 21:25:24.490954,2020-11-05 21:25:24.490954
629,5,629,2020-11-05 21:25:25.074176,2020-11-05 21:25:25.074176
630,5,630,2020-11-05 21:25:25.637735,2020-11-05 21:25:25.637735
631,5,631,2020-11-05 21:25:26.210384,2020-11-05 21:25:26.210384
632,5,632,2020-11-05 21:25:26.750793,2020-11-05 21:25:26.750793
633,5,633,2020-11-05 21:25:28.052737,2020-11-05 21:25:28.052737
634,5,634,2020-11-05 21:25:28.49881,2020-11-05 21:25:28.49881
635,5,635,2020-11-05 21:25:29.028669,2020-11-05 21:25:29.028669
636,5,636,2020-11-05 21:25:29.60931,2020-11-05 21:25:29.60931
637,5,637,2020-11-05 21:25:30.206048,2020-11-05 21:25:30.206048
638,5,638,2020-11-05 21:25:30.737872,2020-11-05 21:25:30.737872
639,5,639,2020-11-05 21:25:31.178013,2020-11-05 21:25:31.178013
640,5,640,2020-11-05 21:25:31.636844,2020-11-05 21:25:31.636844
641,5,641,2020-11-05 21:25:32.263243,2020-11-05 21:25:32.263243
642,5,642,2020-11-05 21:25:32.788766,2020-11-05 21:25:32.788766
643,5,643,2020-11-05 21:25:33.24178,2020-11-05 21:25:33.24178
644,5,644,2020-11-05 21:25:33.676325,2020-11-05 21:25:33.676325
645,5,645,2020-11-05 21:25:34.10501,2020-11-05 21:25:34.10501
646,5,646,2020-11-05 21:25:35.375357,2020-11-05 21:25:35.375357
647,5,647,2020-11-05 21:25:36.447745,2020-11-05 21:25:36.447745
648,5,648,2020-11-05 21:25:37.105138,2020-11-05 21:25:37.105138
649,5,649,2020-11-05 21:25:38.292216,2020-11-05 21:25:38.292216
650,6,650,2020-11-05 21:25:38.706938,2020-11-05 21:25:38.706938
651,6,651,2020-11-05 21:25:39.111187,2020-11-05 21:25:39.111187
652,6,652,2020-11-05 21:25:39.54727,2020-11-05 21:25:39.54727
653,6,653,2020-11-05 21:25:40.079918,2020-11-05 21:25:40.079918
654,6,654,2020-11-05 21:25:40.532502,2020-11-05 21:25:40.532502
655,6,655,2020-11-05 21:25:40.9536,2020-11-05 21:25:40.9536
656,6,656,2020-11-05 21:25:41.552378,2020-11-05 21:25:41.552378
657,6,657,2020-11-05 21:25:42.150303,2020-11-05 21:25:42.150303
658,6,658,2020-11-05 21:25:42.577749,2020-11-05 21:25:42.577749
659,6,659,2020-11-05 21:25:43.090259,2020-11-05 21:25:43.090259
660,6,660,2020-11-05 21:25:43.594824,2020-11-05 21:25:43.594824
661,6,661,2020-11-05 21:25:44.205184,2020-11-05 21:25:44.205184
662,6,662,2020-11-05 21:25:44.794659,2020-11-05 21:25:44.794659
663,6,663,2020-11-05 21:25:45.375556,2020-11-05 21:25:45.375556
664,6,664,2020-11-05 21:25:45.942779,2020-11-05 21:25:45.942779
665,6,665,2020-11-05 21:25:46.515224,2020-11-05 21:25:46.515224
666,6,666,2020-11-05 21:25:47.709418,2020-11-05 21:25:47.709418
667,6,667,2020-11-05 21:25:48.278499,2020-11-05 21:25:48.278499
668,6,668,2020-11-05 21:25:48.93008,2020-11-05 21:25:48.93008
669,6,669,2020-11-05 21:25:49.498713,2020-11-05 21:25:49.498713
670,6,670,2020-11-05 21:25:50.075543,2020-11-05 21:25:50.075543
671,6,671,2020-11-05 21:25:50.789414,2020-11-05 21:25:50.789414
672,6,672,2020-11-05 21:25:51.851509,2020-11-05 21:25:51.851509
673,6,673,2020-11-05 21:25:52.265821,2020-11-05 21:25:52.265821
674,6,674,2020-11-05 21:25:52.756248,2020-11-05 21:25:52.756248
675,6,675,2020-11-05 21:25:53.329759,2020-11-05 21:25:53.329759
676,6,676,2020-11-05 21:25:54.659166,2020-11-05 21:25:54.659166
677,6,677,2020-11-05 21:25:55.089963,2020-11-05 21:25:55.089963
678,6,678,2020-11-05 21:25:55.617496,2020-11-05 21:25:55.617496
679,6,679,2020-11-05 21:25:56.690023,2020-11-05 21:25:56.690023
680,6,680,2020-11-05 21:25:57.342812,2020-11-05 21:25:57.342812
681,6,681,2020-11-05 21:25:57.841807,2020-11-05 21:25:57.841807
682,6,682,2020-11-05 21:25:58.865677,2020-11-05 21:25:58.865677
683,6,683,2020-11-05 21:25:59.254497,2020-11-05 21:25:59.254497
684,6,684,2020-11-05 21:25:59.699322,2020-11-05 21:25:59.699322
685,6,685,2020-11-05 21:26:00.154488,2020-11-05 21:26:00.154488
686,6,686,2020-11-05 21:26:00.724747,2020-11-05 21:26:00.724747
687,6,687,2020-11-05 21:26:01.305964,2020-11-05 21:26:01.305964
688,6,688,2020-11-05 21:26:01.820132,2020-11-05 21:26:01.820132
689,6,689,2020-11-05 21:26:02.489284,2020-11-05 21:26:02.489284
690,6,690,2020-11-05 21:26:03.025211,2020-11-05 21:26:03.025211
691,6,691,2020-11-05 21:26:03.725637,2020-11-05 21:26:03.725637
692,6,692,2020-11-05 21:26:04.322359,2020-11-05 21:26:04.322359
693,6,693,2020-11-05 21:26:04.721625,2020-11-05 21:26:04.721625
694,6,694,2020-11-05 21:26:05.139136,2020-11-05 21:26:05.139136
695,6,695,2020-11-05 21:26:05.765426,2020-11-05 21:26:05.765426
696,6,696,2020-11-05 21:26:06.232394,2020-11-05 21:26:06.232394
697,6,697,2020-11-05 21:26:06.660244,2020-11-05 21:26:06.660244
698,6,698,2020-11-05 21:26:07.146116,2020-11-05 21:26:07.146116
699,6,699,2020-11-05 21:26:07.630379,2020-11-05 21:26:07.630379
700,6,700,2020-11-05 21:26:08.138583,2020-11-05 21:26:08.138583
701,6,701,2020-11-05 21:26:08.602604,2020-11-05 21:26:08.602604
702,6,702,2020-11-05 21:26:09.820855,2020-11-05 21:26:09.820855
703,6,703,2020-11-05 21:26:10.360964,2020-11-05 21:26:10.360964
704,6,704,2020-11-05 21:26:11.010622,2020-11-05 21:26:11.010622
705,6,705,2020-11-05 21:26:11.520007,2020-11-05 21:26:11.520007
706,6,706,2020-11-05 21:26:12.029076,2020-11-05 21:26:12.029076
707,6,707,2020-11-05 21:26:12.586272,2020-11-05 21:26:12.586272
708,6,708,2020-11-05 21:26:13.045153,2020-11-05 21:26:13.045153
709,6,709,2020-11-05 21:26:13.584128,2020-11-05 21:26:13.584128
710,6,710,2020-11-05 21:26:14.130563,2020-11-05 21:26:14.130563
711,6,711,2020-11-05 21:26:14.735541,2020-11-05 21:26:14.735541
712,6,712,2020-11-05 21:26:15.289556,2020-11-05 21:26:15.289556
713,6,713,2020-11-05 21:26:15.863876,2020-11-05 21:26:15.863876
714,6,714,2020-11-05 21:26:16.550237,2020-11-05 21:26:16.550237
715,6,715,2020-11-05 21:26:17.21485,2020-11-05 21:26:17.21485
716,6,716,2020-11-05 21:26:18.087043,2020-11-05 21:26:18.087043
717,6,717,2020-11-05 21:26:18.696515,2020-11-05 21:26:18.696515
718,6,718,2020-11-05 21:26:19.134637,2020-11-05 21:26:19.134637
719,6,719,2020-11-05 21:26:19.569782,2020-11-05 21:26:19.569782
720,6,720,2020-11-05 21:26:20.188838,2020-11-05 21:26:20.188838
721,6,721,2020-11-05 21:26:21.394058,2020-11-05 21:26:21.394058
722,7,722,2020-11-05 21:26:21.796224,2020-11-05 21:26:21.796224
723,7,723,2020-11-05 21:26:22.380756,2020-11-05 21:26:22.380756
724,7,724,2020-11-05 21:26:22.98676,2020-11-05 21:26:22.98676
725,7,725,2020-11-05 21:26:23.564959,2020-11-05 21:26:23.564959
726,7,726,2020-11-05 21:26:24.056774,2020-11-05 21:26:24.056774
727,7,727,2020-11-05 21:26:24.572747,2020-11-05 21:26:24.572747
728,7,728,2020-11-05 21:26:25.097763,2020-11-05 21:26:25.097763
729,7,729,2020-11-05 21:26:25.555951,2020-11-05 21:26:25.555951
730,7,730,2020-11-05 21:26:26.075549,2020-11-05 21:26:26.075549
731,7,731,2020-11-05 21:26:26.623661,2020-11-05 21:26:26.623661
732,7,732,2020-11-05 21:26:27.217657,2020-11-05 21:26:27.217657
733,7,733,2020-11-05 21:26:27.817434,2020-11-05 21:26:27.817434
734,7,734,2020-11-05 21:26:28.906444,2020-11-05 21:26:28.906444
735,7,735,2020-11-05 21:26:29.400494,2020-11-05 21:26:29.400494
736,7,736,2020-11-05 21:26:29.894828,2020-11-05 21:26:29.894828
737,7,737,2020-11-05 21:26:30.976959,2020-11-05 21:26:30.976959
738,7,738,2020-11-05 21:26:31.513435,2020-11-05 21:26:31.513435
739,7,739,2020-11-05 21:26:32.583003,2020-11-05 21:26:32.583003
740,7,740,2020-11-05 21:26:32.987954,2020-11-05 21:26:32.987954
741,7,741,2020-11-05 21:26:34.019536,2020-11-05 21:26:34.019536
742,7,742,2020-11-05 21:26:34.440538,2020-11-05 21:26:34.440538
743,7,743,2020-11-05 21:26:34.929874,2020-11-05 21:26:34.929874
744,7,744,2020-11-05 21:26:35.44647,2020-11-05 21:26:35.44647
745,7,745,2020-11-05 21:26:36.599465,2020-11-05 21:26:36.599465
746,7,746,2020-11-05 21:26:37.690684,2020-11-05 21:26:37.690684
747,7,747,2020-11-05 21:26:38.174033,2020-11-05 21:26:38.174033
748,7,748,2020-11-05 21:26:38.776214,2020-11-05 21:26:38.776214
749,7,749,2020-11-05 21:26:39.479749,2020-11-05 21:26:39.479749
750,7,750,2020-11-05 21:26:39.916282,2020-11-05 21:26:39.916282
751,7,751,2020-11-05 21:26:40.523946,2020-11-05 21:26:40.523946
752,7,752,2020-11-05 21:26:41.096159,2020-11-05 21:26:41.096159
753,7,753,2020-11-05 21:26:42.086267,2020-11-05 21:26:42.086267
754,7,754,2020-11-05 21:26:43.072185,2020-11-05 21:26:43.072185
755,7,755,2020-11-05 21:26:43.910411,2020-11-05 21:26:43.910411
756,7,756,2020-11-05 21:26:44.470344,2020-11-05 21:26:44.470344
757,7,757,2020-11-05 21:26:45.09813,2020-11-05 21:26:45.09813
758,7,758,2020-11-05 21:26:45.644455,2020-11-05 21:26:45.644455
759,7,759,2020-11-05 21:26:46.254034,2020-11-05 21:26:46.254034
760,7,760,2020-11-05 21:26:46.868766,2020-11-05 21:26:46.868766
761,7,761,2020-11-05 21:26:47.447797,2020-11-05 21:26:47.447797
762,7,762,2020-11-05 21:26:47.955491,2020-11-05 21:26:47.955491
763,7,763,2020-11-05 21:26:48.552132,2020-11-05 21:26:48.552132
764,7,764,2020-11-05 21:26:49.104126,2020-11-05 21:26:49.104126
765,7,765,2020-11-05 21:26:49.600053,2020-11-05 21:26:49.600053
766,7,766,2020-11-05 21:26:50.11785,2020-11-05 21:26:50.11785
767,7,767,2020-11-05 21:26:50.650232,2020-11-05 21:26:50.650232
768,7,768,2020-11-05 21:26:51.075741,2020-11-05 21:26:51.075741
769,7,769,2020-11-05 21:26:51.557302,2020-11-05 21:26:51.557302
770,7,770,2020-11-05 21:26:52.226306,2020-11-05 21:26:52.226306
771,7,771,2020-11-05 21:26:52.825199,2020-11-05 21:26:52.825199
772,7,772,2020-11-05 21:26:53.883122,2020-11-05 21:26:53.883122
773,7,773,2020-11-05 21:26:54.884782,2020-11-05 21:26:54.884782
774,7,774,2020-11-05 21:26:55.317899,2020-11-05 21:26:55.317899
775,7,775,2020-11-05 21:26:55.749169,2020-11-05 21:26:55.749169
776,7,776,2020-11-05 21:26:56.172893,2020-11-05 21:26:56.172893
777,7,777,2020-11-05 21:26:56.609532,2020-11-05 21:26:56.609532
778,7,778,2020-11-05 21:26:57.18721,2020-11-05 21:26:57.18721
779,7,779,2020-11-05 21:26:57.67684,2020-11-05 21:26:57.67684
780,7,780,2020-11-05 21:27:01.159209,2020-11-05 21:27:01.159209
781,7,781,2020-11-05 21:27:01.760493,2020-11-05 21:27:01.760493
782,7,782,2020-11-05 21:27:02.157734,2020-11-05 21:27:02.157734
783,7,783,2020-11-05 21:27:02.739203,2020-11-05 21:27:02.739203
784,7,784,2020-11-05 21:27:03.378158,2020-11-05 21:27:03.378158
785,7,785,2020-11-05 21:27:04.044039,2020-11-05 21:27:04.044039
786,7,786,2020-11-05 21:27:04.603498,2020-11-05 21:27:04.603498
787,7,787,2020-11-05 21:27:05.07817,2020-11-05 21:27:05.07817
788,7,788,2020-11-05 21:27:05.728261,2020-11-05 21:27:05.728261
789,7,789,2020-11-05 21:27:06.219513,2020-11-05 21:27:06.219513
790,7,790,2020-11-05 21:27:06.768086,2020-11-05 21:27:06.768086
791,7,791,2020-11-05 21:27:07.216118,2020-11-05 21:27:07.216118
792,7,792,2020-11-05 21:27:07.913045,2020-11-05 21:27:07.913045
793,7,793,2020-11-05 21:27:08.640013,2020-11-05 21:27:08.640013
794,7,794,2020-11-05 21:27:09.345137,2020-11-05 21:27:09.345137
795,7,795,2020-11-05 21:27:09.931944,2020-11-05 21:27:09.931944
796,7,796,2020-11-05 21:27:11.161927,2020-11-05 21:27:11.161927
797,7,797,2020-11-05 21:27:11.595299,2020-11-05 21:27:11.595299
798,7,798,2020-11-05 21:27:12.744444,2020-11-05 21:27:12.744444
799,7,799,2020-11-05 21:27:13.133213,2020-11-05 21:27:13.133213
800,7,800,2020-11-05 21:27:13.568148,2020-11-05 21:27:13.568148
801,7,801,2020-11-05 21:27:13.906846,2020-11-05 21:27:13.906846
802,7,802,2020-11-05 21:27:15.022982,2020-11-05 21:27:15.022982
803,7,803,2020-11-05 21:27:15.431433,2020-11-05 21:27:15.431433
804,7,804,2020-11-05 21:27:15.87375,2020-11-05 21:27:15.87375
805,7,805,2020-11-05 21:27:16.448087,2020-11-05 21:27:16.448087
806,7,806,2020-11-05 21:27:16.905799,2020-11-05 21:27:16.905799
807,7,807,2020-11-05 21:27:17.396114,2020-11-05 21:27:17.396114
808,7,808,2020-11-05 21:27:17.747967,2020-11-05 21:27:17.747967
809,7,809,2020-11-05 21:27:18.005843,2020-11-05 21:27:18.005843
810,8,810,2020-11-05 21:41:55.766798,2020-11-05 21:41:55.766798
811,8,811,2020-11-05 21:41:56.606158,2020-11-05 21:41:56.606158
812,8,812,2020-11-05 21:41:57.808508,2020-11-05 21:41:57.808508
813,8,813,2020-11-05 21:41:59.25468,2020-11-05 21:41:59.25468
814,8,814,2020-11-05 21:42:00.240501,2020-11-05 21:42:00.240501
815,8,815,2020-11-05 21:42:01.176493,2020-11-05 21:42:01.176493
816,8,816,2020-11-05 21:42:02.377809,2020-11-05 21:42:02.377809
817,8,817,2020-11-05 21:42:03.39919,2020-11-05 21:42:03.39919
818,8,818,2020-11-05 21:42:04.379198,2020-11-05 21:42:04.379198
819,8,819,2020-11-05 21:42:05.53549,2020-11-05 21:42:05.53549
820,8,820,2020-11-05 21:42:06.421801,2020-11-05 21:42:06.421801
821,8,821,2020-11-05 21:42:08.091459,2020-11-05 21:42:08.091459
822,8,822,2020-11-05 21:42:08.999593,2020-11-05 21:42:08.999593
823,8,823,2020-11-05 21:42:10.446557,2020-11-05 21:42:10.446557
824,8,824,2020-11-05 21:42:11.700967,2020-11-05 21:42:11.700967
825,8,825,2020-11-05 21:42:12.797636,2020-11-05 21:42:12.797636
826,8,826,2020-11-05 21:42:13.892424,2020-11-05 21:42:13.892424
827,8,827,2020-11-05 21:42:15.290056,2020-11-05 21:42:15.290056
828,8,828,2020-11-05 21:42:16.44809,2020-11-05 21:42:16.44809
829,8,829,2020-11-05 21:42:18.174856,2020-11-05 21:42:18.174856
830,8,830,2020-11-05 21:42:19.32889,2020-11-05 21:42:19.32889
831,8,831,2020-11-05 21:42:20.350757,2020-11-05 21:42:20.350757
832,8,832,2020-11-05 21:42:21.574445,2020-11-05 21:42:21.574445
833,8,833,2020-11-05 21:42:23.910816,2020-11-05 21:42:23.910816
834,8,834,2020-11-05 21:42:25.167593,2020-11-05 21:42:25.167593
835,8,835,2020-11-05 21:42:26.474117,2020-11-05 21:42:26.474117
836,8,836,2020-11-05 21:42:27.364435,2020-11-05 21:42:27.364435
837,8,837,2020-11-05 21:42:29.170279,2020-11-05 21:42:29.170279
838,8,838,2020-11-05 21:42:30.565335,2020-11-05 21:42:30.565335
839,8,839,2020-11-05 21:42:31.659071,2020-11-05 21:42:31.659071
840,8,840,2020-11-05 21:42:33.033609,2020-11-05 21:42:33.033609
841,8,841,2020-11-05 21:42:34.144014,2020-11-05 21:42:34.144014
842,8,842,2020-11-05 21:42:35.723705,2020-11-05 21:42:35.723705
843,8,843,2020-11-05 21:42:37.77734,2020-11-05 21:42:37.77734
844,8,844,2020-11-05 21:42:38.801405,2020-11-05 21:42:38.801405
845,8,845,2020-11-05 21:42:39.942892,2020-11-05 21:42:39.942892
846,8,846,2020-11-05 21:42:41.138075,2020-11-05 21:42:41.138075
847,8,847,2020-11-05 21:42:42.020036,2020-11-05 21:42:42.020036
848,8,848,2020-11-05 21:42:43.157627,2020-11-05 21:42:43.157627
849,8,849,2020-11-05 21:42:44.764731,2020-11-05 21:42:44.764731
850,8,850,2020-11-05 21:42:46.072281,2020-11-05 21:42:46.072281
851,8,851,2020-11-05 21:42:47.390718,2020-11-05 21:42:47.390718
852,8,852,2020-11-05 21:42:48.450675,2020-11-05 21:42:48.450675
853,8,853,2020-11-05 21:42:49.331301,2020-11-05 21:42:49.331301
854,8,854,2020-11-05 21:42:50.236612,2020-11-05 21:42:50.236612
855,8,855,2020-11-05 21:42:51.718692,2020-11-05 21:42:51.718692
856,8,856,2020-11-05 21:42:52.532602,2020-11-05 21:42:52.532602
857,8,857,2020-11-05 21:42:53.839154,2020-11-05 21:42:53.839154
858,8,858,2020-11-05 21:42:54.726885,2020-11-05 21:42:54.726885
859,8,859,2020-11-05 21:42:55.793291,2020-11-05 21:42:55.793291
860,8,860,2020-11-05 21:42:56.822219,2020-11-05 21:42:56.822219
861,8,861,2020-11-05 21:42:57.947833,2020-11-05 21:42:57.947833
862,8,862,2020-11-05 21:42:59.046451,2020-11-05 21:42:59.046451
863,8,863,2020-11-05 21:43:00.158766,2020-11-05 21:43:00.158766
864,8,864,2020-11-05 21:43:02.030914,2020-11-05 21:43:02.030914
865,8,865,2020-11-05 21:43:03.375876,2020-11-05 21:43:03.375876
866,8,866,2020-11-05 21:43:04.356419,2020-11-05 21:43:04.356419
867,8,867,2020-11-05 21:43:06.369469,2020-11-05 21:43:06.369469
868,8,868,2020-11-05 21:43:07.684903,2020-11-05 21:43:07.684903
869,8,869,2020-11-05 21:43:09.145478,2020-11-05 21:43:09.145478
870,8,870,2020-11-05 21:43:10.061734,2020-11-05 21:43:10.061734
871,8,871,2020-11-05 21:43:10.923538,2020-11-05 21:43:10.923538
872,8,872,2020-11-05 21:43:12.438555,2020-11-05 21:43:12.438555
873,8,873,2020-11-05 21:43:14.097602,2020-11-05 21:43:14.097602
874,8,874,2020-11-05 21:43:15.130671,2020-11-05 21:43:15.130671
875,8,875,2020-11-05 21:43:16.230058,2020-11-05 21:43:16.230058
876,8,876,2020-11-05 21:43:17.432381,2020-11-05 21:43:17.432381
877,8,877,2020-11-05 21:43:18.270229,2020-11-05 21:43:18.270229
878,8,878,2020-11-05 21:43:20.568922,2020-11-05 21:43:20.568922
879,8,879,2020-11-05 21:43:21.983017,2020-11-05 21:43:21.983017
880,8,880,2020-11-05 21:43:23.202522,2020-11-05 21:43:23.202522
881,8,881,2020-11-05 21:43:24.864783,2020-11-05 21:43:24.864783
882,8,882,2020-11-05 21:43:25.825487,2020-11-05 21:43:25.825487
883,8,883,2020-11-05 21:43:27.501332,2020-11-05 21:43:27.501332
884,8,884,2020-11-05 21:43:28.816572,2020-11-05 21:43:28.816572
885,8,885,2020-11-05 21:43:30.234831,2020-11-05 21:43:30.234831
886,8,886,2020-11-05 21:43:31.305261,2020-11-05 21:43:31.305261
887,8,887,2020-11-05 21:43:33.076025,2020-11-05 21:43:33.076025
888,8,888,2020-11-05 21:43:34.408869,2020-11-05 21:43:34.408869
889,8,889,2020-11-05 21:43:35.477798,2020-11-05 21:43:35.477798
890,8,890,2020-11-05 21:43:36.535413,2020-11-05 21:43:36.535413
891,8,891,2020-11-05 21:43:37.527471,2020-11-05 21:43:37.527471
892,8,892,2020-11-05 21:43:39.413245,2020-11-05 21:43:39.413245
893,8,893,2020-11-05 21:43:41.234304,2020-11-05 21:43:41.234304
894,8,894,2020-11-05 21:43:42.017401,2020-11-05 21:43:42.017401
895,8,895,2020-11-05 21:43:43.145838,2020-11-05 21:43:43.145838
896,8,896,2020-11-05 21:43:43.88161,2020-11-05 21:43:43.88161
897,8,897,2020-11-05 21:43:45.072235,2020-11-05 21:43:45.072235
898,8,898,2020-11-05 21:43:46.379447,2020-11-05 21:43:46.379447
899,8,899,2020-11-05 21:43:47.463388,2020-11-05 21:43:47.463388
900,8,900,2020-11-05 21:43:48.552883,2020-11-05 21:43:48.552883
901,8,901,2020-11-05 21:43:49.730257,2020-11-05 21:43:49.730257
